i_patient,j_no,U_False_positive,U_Positive,U_Follow_up
1,1,0.911876546,0.023021267,0.283799666
1,2,0.329059359,0.412385593,0.078034509
1,3,0.902917226,0.959771696,0.201132271
1,4,0.798180111,0.675026527,0.755535445
1,5,0.097086915,0.797489807,0.415642227
1,6,0.313451098,0.626174811,0.46347465
1,7,0.619276627,0.186685248,0.064120124
1,8,0.030762378,0.388807137,0.154615507
1,9,0.087677173,0.511889403,0.634289364
1,10,0.473233436,0.4801125,0.319023289
1,11,0.661992174,0.473890996,0.843927311
1,12,0.906319241,0.976001482,0.565430485
1,13,0.296248643,0.132477803,0.49188592
1,14,0.4305272,0.036030836,0.74484375
1,15,0.073372799,0.423870156,0.571536178
1,16,0.191951269,0.409120452,0.242584813
1,17,0.95563857,0.338760602,0.010512998
1,18,0.240093452,0.946211339,0.943657796
1,19,0.110348766,0.922473904,0.845807372
1,20,0.853382812,0.785685482,0.95235175
1,21,0.084499941,0.632565183,0.067392231
1,22,0.521916361,0.990199333,0.749616448
1,23,0.916144493,0.335925158,0.337222876
1,24,0.140018041,0.019059781,0.677678538
1,25,0.94883171,0.144960968,0.556092765
1,26,0.266705053,0.634197709,0.192425191
2,1,0.220928414,0.666697145,0.477594731
2,2,0.154603365,0.59023584,0.0799878
2,3,0.859805933,0.087844463,0.694592783
2,4,0.352701037,0.741552732,0.62488368
2,5,0.226321727,0.727136267,0.659171003
2,6,0.731995847,0.088151761,0.47441405
2,7,0.404323973,0.569245516,0.574020482
2,8,0.510906345,0.805154357,0.415142292
2,9,0.390719918,0.178607238,0.391427299
2,10,0.470685798,0.504676129,0.411865021
2,11,0.87623602,0.586030614,0.355640724
2,12,0.134793866,0.429693722,0.367622341
2,13,0.587972614,0.85568887,0.731766642
2,14,0.714678441,0.871198017,0.091788528
2,15,0.395495905,0.503904341,0.616777268
2,16,0.918841839,0.485631676,0.203052488
2,17,0.754786707,0.127959548,0.026040565
2,18,0.141437927,0.074251971,0.227938141
2,19,0.198072205,0.066138238,0.955079418
2,20,0.067734549,0.950803291,0.980897756
2,21,0.792194362,0.313237053,0.696238562
2,22,0.289720674,0.669467577,0.278239965
2,23,0.971089659,0.176111229,0.095491557
2,24,0.779759027,0.326019148,0.103932597
2,25,0.975993691,0.639605904,0.808416325
2,26,0.165497483,0.51810454,0.182147353
3,1,0.986681348,0.088114671,0.808721133
3,2,0.565522354,0.32659622,0.4719774
3,3,0.963447027,0.452622172,0.407806018
3,4,0.489909063,0.275480549,0.278444899
3,5,0.451591739,0.155719256,0.017470723
3,6,0.476562825,0.852794345,0.834761162
3,7,0.946237783,0.188712667,0.748220523
3,8,0.28578706,0.960996469,0.020352394
3,9,0.189907054,0.737752194,0.705436256
3,10,0.043032204,0.797441869,0.754745685
3,11,0.483489194,0.680359192,0.383105708
3,12,0.671828775,0.584501776,0.593909987
3,13,0.159158287,0.594156247,0.620106276
3,14,0.598557594,0.601209057,0.007600793
3,15,0.059608847,0.106459008,0.698615935
3,16,0.606930385,0.28053446,0.474183104
3,17,0.000102375,0.950916878,0.37154819
3,18,0.88535025,0.12639128,0.312482597
3,19,0.4975761,0.15282897,0.617951175
3,20,0.766684022,0.000266917,0.940494332
3,21,0.913544126,0.038817198,0.049684345
3,22,0.486517215,0.054278118,0.518497434
3,23,0.53674847,0.737910991,0.092095062
3,24,0.661401563,0.032823687,0.569500247
3,25,0.913115943,0.82018576,0.038320603
3,26,0.646338416,0.514329035,0.443564212
4,1,0.234519339,0.867200335,0.048634401
4,2,0.922900359,0.404897138,0.829530563
4,3,0.843477935,0.209159138,0.504343288
4,4,0.576826834,0.717251962,0.816267783
4,5,0.89869678,0.299183016,0.1046827
4,6,0.14126745,0.54731751,0.884032258
4,7,0.618401086,0.183543946,0.568150581
4,8,0.086207934,0.497005172,0.108918397
4,9,0.045518983,0.39986251,0.173420334
4,10,0.061881154,0.23310906,0.160574162
4,11,0.993331926,0.871187422,0.207306299
4,12,0.597566294,0.513475631,0.257774393
4,13,0.078263494,0.364516301,0.069183682
4,14,0.024299493,0.121236721,0.430395229
4,15,0.070382126,0.532780345,0.936943691
4,16,0.649363338,0.526550101,0.870925537
4,17,0.56823022,0.02130274,0.845149609
4,18,0.635189853,0.864610765,0.292750685
4,19,0.181664745,0.852099925,0.762225427
4,20,0.115307231,0.421570573,0.575411553
4,21,0.258951489,0.148637993,0.068982624
4,22,0.967964237,0.570429364,0.035206165
4,23,0.433976913,0.449771226,0.344310982
4,24,0.257711075,0.377484872,0.989606814
4,25,0.358217442,0.572133938,0.519470171
4,26,0.933840433,0.576885878,0.616580071
5,1,0.907244145,0.962422078,0.346025981
5,2,0.202939989,0.836354132,0.508372987
5,3,0.926597493,0.754246556,0.721607066
5,4,0.862413761,0.284300946,0.935210357
5,5,0.002594786,0.076869925,0.585785884
5,6,0.13996841,0.183008889,0.527163959
5,7,0.922105497,0.027336385,0.461615384
5,8,0.259374302,0.137374006,0.415263395
5,9,0.037870408,0.127711599,0.052827031
5,10,0.353041302,0.602607859,0.638898635
5,11,0.340737802,0.054768249,0.427471764
5,12,0.550533712,0.040350921,0.757714142
5,13,0.073844176,0.301267765,0.747479117
5,14,0.483846851,0.737353857,0.838323268
5,15,0.233890688,0.098790349,0.647684916
5,16,0.995090724,0.559281374,0.135565688
5,17,0.382192285,0.414364981,0.515191416
5,18,0.835891267,0.076615447,0.351524289
5,19,0.656182639,0.43163263,0.769465017
5,20,0.674971287,0.012571984,0.486511153
5,21,0.755172278,0.271952745,0.938319121
5,22,0.884498076,0.077196017,0.010635335
5,23,0.065152492,0.487551406,0.239630796
5,24,0.87098843,0.141230712,0.827659224
5,25,0.626181261,0.468208564,0.735948228
5,26,0.010861943,0.672417762,0.23842095
6,1,0.326401033,0.318430266,0.973033631
6,2,0.606053073,0.106350746,0.555567038
6,3,0.195411412,0.113149147,0.984410503
6,4,0.529062549,0.967339293,0.272440993
6,5,0.292114428,0.482908004,0.749454207
6,6,0.89439918,0.845190609,0.365770107
6,7,0.652308704,0.867523501,0.517281143
6,8,0.202627233,0.399295328,0.867523785
6,9,0.806536596,0.881543989,0.676601191
6,10,0.330504755,0.554257264,0.14421273
6,11,0.384945323,0.883671062,0.37690718
6,12,0.479694586,0.725341792,0.58219587
6,13,0.86304594,0.220402343,0.735974999
6,14,0.017715252,0.545111976,0.181882118
6,15,0.186957615,0.01064267,0.185876186
6,16,0.859583819,0.439608389,0.083835897
6,17,0.338182441,0.561851886,0.724984989
6,18,0.316632046,0.714471481,0.457988114
6,19,0.148898573,0.005724316,0.346081698
6,20,0.644337726,0.435265744,0.41206323
6,21,0.102144713,0.336279546,0.906736635
6,22,0.888226668,0.07445142,0.958228897
6,23,0.809554174,0.503264325,0.302671465
6,24,0.665310618,0.408889224,0.414901466
6,25,0.776137053,0.311926484,0.454315327
6,26,0.225347533,0.571363928,0.036438578
7,1,0.490310725,0.4162337,0.527176737
7,2,0.035419719,0.254043764,0.436405834
7,3,0.233263784,0.572211985,0.153254753
7,4,0.798058292,0.86428926,0.893629206
7,5,0.062516988,0.39848524,0.222832085
7,6,0.058095816,0.490743901,0.545995309
7,7,0.785371409,0.825544774,0.060824441
7,8,0.161842781,0.439178363,0.400312095
7,9,0.966581739,0.11452014,0.822122578
7,10,0.821740069,0.565282504,0.23965881
7,11,0.650493497,0.010485013,0.546033638
7,12,0.994986654,0.470169549,0.380823984
7,13,0.708221308,0.457613898,0.95503224
7,14,0.082736735,0.472516973,0.350180288
7,15,0.045574143,0.8227449,0.361178956
7,16,0.540274531,0.323505203,0.315243173
7,17,0.976960805,0.383454279,0.009872228
7,18,0.716346719,0.205905988,0.358233303
7,19,0.496562724,0.198279629,0.163108693
7,20,0.860972172,0.803986403,0.735762025
7,21,0.649088693,0.852021368,0.538833477
7,22,0.035686336,0.400397261,0.948112523
7,23,0.108838785,0.162905469,0.195684334
7,24,0.147452634,0.533386469,0.628909959
7,25,0.391454258,0.197529388,0.906166929
7,26,0.266723622,0.385590968,0.296450812
8,1,0.362850475,0.903090634,0.191973278
8,2,0.632611383,0.623553996,0.082205674
8,3,0.14224109,0.716817454,0.402898609
8,4,0.018501251,0.432561467,0.523559733
8,5,0.659746986,0.979782412,0.620042387
8,6,0.036942285,0.491205764,0.193004488
8,7,0.747515705,0.75232852,0.637675834
8,8,0.704635979,0.524030687,0.14186528
8,9,0.102621575,0.310585027,0.117383702
8,10,0.55519682,0.999114133,0.024877141
8,11,0.87196408,0.685341517,0.490529513
8,12,0.744788517,0.359715335,0.754150501
8,13,0.634796583,0.625458239,0.289012542
8,14,0.33584749,0.668532987,0.9588065
8,15,0.533956217,0.172880737,0.287616224
8,16,0.399969726,0.714555959,0.234286703
8,17,0.926424556,0.23306384,0.655189605
8,18,0.503121806,0.042557118,0.664926508
8,19,0.741039418,0.830661209,0.255189541
8,20,0.553514258,0.633922972,0.699289853
8,21,0.984100224,0.889060354,0.173012424
8,22,0.589700225,0.2075598,0.892426352
8,23,0.45939144,0.446745918,0.046069266
8,24,0.206827125,0.251922341,0.406723094
8,25,0.786581895,0.651631248,0.081526255
8,26,0.90010081,0.540331454,0.950435021
9,1,0.028650952,0.799396045,0.814061085
9,2,0.339270108,0.71347181,0.966079005
9,3,0.014050852,0.917227081,0.664977141
9,4,0.579887365,0.889454795,0.309891576
9,5,0.313802157,0.108396007,0.068826615
9,6,0.447082235,0.698650119,0.932697142
9,7,0.616402775,0.41499266,0.990333921
9,8,0.233715609,0.179765905,0.443325262
9,9,0.679779153,0.044478526,0.568095303
9,10,0.472817373,0.261136422,0.458763235
9,11,0.886125646,0.237791386,0.41393199
9,12,0.225805653,0.15033467,0.087696383
9,13,0.822468289,0.407408146,0.3079408
9,14,0.149096509,0.26045945,0.339182864
9,15,0.924083444,0.924982131,0.483997596
9,16,0.520196885,0.346745311,0.058294471
9,17,0.40777688,0.828962953,0.206579549
9,18,0.005863905,0.178309923,0.035378668
9,19,0.444311927,0.447114616,0.184336556
9,20,0.167924871,0.584722198,0.761281416
9,21,0.027702783,0.160165515,0.085775428
9,22,0.124603138,0.515847598,0.492952363
9,23,0.334459374,0.680069729,0.082388246
9,24,0.260667001,0.279459334,0.874890487
9,25,0.513324314,0.383794645,0.305020871
9,26,0.884167019,0.278076303,0.075380042
10,1,0.382283858,0.901016607,0.05652611
10,2,0.723057598,0.575545738,0.189915477
10,3,0.516480518,0.999783538,0.762200979
10,4,0.152313844,0.392146601,0.952458123
10,5,0.692537888,0.88824995,0.484977348
10,6,0.18479109,0.179243938,0.678225593
10,7,0.408450968,0.279636044,0.917790946
10,8,0.548046136,0.318836114,0.427002541
10,9,0.157150493,0.497692202,0.17508222
10,10,0.378233052,0.148962647,0.231257484
10,11,0.514265248,0.315948119,0.179669255
10,12,0.838671664,0.718874739,0.770348883
10,13,0.140790377,0.461766524,0.571140964
10,14,0.479028111,0.03942065,0.903607327
10,15,0.452400993,0.384301346,0.231119503
10,16,0.127750331,0.835297497,0.726472021
10,17,0.570784339,0.200882068,0.268770777
10,18,0.549920012,0.197218682,0.940654232
10,19,0.008176494,0.106614553,0.503103736
10,20,0.546254661,0.093331496,0.347892551
10,21,0.540600986,0.014053856,0.724115443
10,22,0.944229011,0.957609168,0.361373638
10,23,0.83786801,0.480708971,0.363939966
10,24,0.657186969,0.026545894,0.257059688
10,25,0.833267017,0.57678494,0.049676121
10,26,0.857327908,0.716732759,0.345446631
11,1,0.895956422,0.819599299,0.463367408
11,2,0.821213017,0.842022469,0.562272022
11,3,0.196148531,0.518041898,0.808722073
11,4,0.591447211,0.248952724,0.286743024
11,5,0.01918907,0.323653562,0.802355814
11,6,0.20175681,0.136010501,0.99581467
11,7,0.244602069,0.829535023,0.136945931
11,8,0.776142666,0.292887765,0.175304606
11,9,0.601414924,0.469759649,0.587649041
11,10,0.993080269,0.163829346,0.3475204
11,11,0.81718159,0.292296323,0.561184098
11,12,0.932882991,0.280600309,0.234044227
11,13,0.681857591,0.436578296,0.945335515
11,14,0.016270519,0.477855744,0.573869616
11,15,0.993134922,0.515293513,0.728109468
11,16,0.164907825,0.888843784,0.963136883
11,17,0.704597549,0.705130107,0.572191093
11,18,0.058137245,0.2150837,0.791800901
11,19,0.299837405,0.117769664,0.186713727
11,20,0.75334532,0.804127494,0.906933324
11,21,0.803958534,0.757553052,0.429161894
11,22,0.153160559,0.492382014,0.56359438
11,23,0.15588847,0.0101996,0.386108815
11,24,0.458519526,0.92171631,0.542980428
11,25,0.241975942,0.783247133,0.589164707
11,26,0.08547826,0.982459327,0.391010253
12,1,0.408313826,0.181180976,0.392128492
12,2,0.846016619,0.832567309,0.981157858
12,3,0.907146012,0.512118358,0.831301807
12,4,0.404425486,0.435702125,0.280666259
12,5,0.179930302,0.69763662,0.538765271
12,6,0.116772844,0.984236205,0.366356863
12,7,0.956942439,0.214854395,0.817369611
12,8,0.422143191,0.578566989,0.811717311
12,9,0.160092823,0.97651885,0.47370219
12,10,0.741425156,0.693546688,0.302004644
12,11,0.494530109,0.700971721,0.533535428
12,12,0.951687805,0.525896771,0.549745648
12,13,0.337805813,0.609396274,0.353878546
12,14,0.312734592,0.801222506,0.632465552
12,15,0.66803074,0.662223483,0.713986595
12,16,0.531540809,0.754403296,0.908334673
12,17,0.802246001,0.989369937,0.057699857
12,18,0.873519982,0.895379829,0.679202975
12,19,0.041230123,0.509077968,0.175758391
12,20,0.142201574,0.278083398,0.828070923
12,21,0.378875244,0.523485855,0.868530986
12,22,0.091026664,0.655280793,0.053245249
12,23,0.008609703,0.87442197,0.144010418
12,24,0.958644781,0.286305538,0.137286775
12,25,0.683612498,0.818726367,0.238242226
12,26,0.553477803,0.934197019,0.400227018
13,1,0.715627691,0.174941305,0.298264341
13,2,0.184253995,0.163693137,0.700081877
13,3,0.201930428,0.603563213,0.281262335
13,4,0.960451534,0.353622369,0.077752085
13,5,0.921923675,0.503433456,0.537872521
13,6,0.901756512,0.306775032,0.053786168
13,7,0.788902203,0.32100453,0.984762802
13,8,0.311234453,0.15398457,0.427930966
13,9,0.661000445,0.563251208,0.349442784
13,10,0.755297842,0.130207043,0.87687142
13,11,0.52230817,0.880543423,0.436318361
13,12,0.76967744,0.736470699,0.99820185
13,13,0.293351019,0.753954449,0.132263604
13,14,0.56098274,0.475851581,0.301468867
13,15,0.650197917,0.972472398,0.591834357
13,16,0.190750648,0.633090543,0.164818856
13,17,0.689404699,0.660387351,0.741073892
13,18,0.222708415,0.740187745,0.150065952
13,19,0.219813301,0.542763955,0.175352547
13,20,0.361464592,0.944395814,0.820173507
13,21,0.212252201,0.738843457,0.750471543
13,22,0.227105988,0.064039977,0.969642274
13,23,0.352756779,0.413653056,0.564751661
13,24,0.348327339,0.135308728,0.700538713
13,25,0.052653101,0.067286481,0.39665652
13,26,0.414091873,0.477393532,0.826849793
14,1,0.687366966,0.719885134,0.268778905
14,2,0.974029878,0.626341429,0.015448193
14,3,0.16222943,0.069252946,0.712369964
14,4,0.014557334,0.964320188,0.01071217
14,5,0.974656838,0.056351018,0.978379045
14,6,0.141208129,0.745939454,0.154820378
14,7,0.805437955,0.858732839,0.214900199
14,8,0.720300393,0.191997772,0.795372465
14,9,0.611019795,0.694322391,0.952223412
14,10,0.663485382,0.874963872,0.943016316
14,11,0.549585823,0.018433842,0.563407564
14,12,0.963070082,0.675805782,0.140366836
14,13,0.822469364,0.64727087,0.591190011
14,14,0.900020987,0.080777149,0.741830368
14,15,0.291226282,0.992178038,0.900438143
14,16,0.982322454,0.581437773,0.799816913
14,17,0.972959951,0.832601955,0.797075327
14,18,0.168735279,0.993884491,0.912117256
14,19,0.929156928,0.136989529,0.937842967
14,20,0.859773636,0.707952545,0.032634228
14,21,0.576083669,0.671916016,0.198573987
14,22,0.537060894,0.957821296,0.30252981
14,23,0.477414168,0.198920342,0.503348466
14,24,0.612640382,0.833884282,0.847460694
14,25,0.666247121,0.588231728,0.79428187
14,26,0.228225867,0.909860801,0.356058608
15,1,0.669179976,0.224232818,0.145985352
15,2,0.82880022,0.40584809,0.027741145
15,3,0.874973229,0.692654367,0.746928665
15,4,0.600882324,0.540664045,0.838922361
15,5,0.588586173,0.650516361,0.829412357
15,6,0.598204823,0.552500972,0.276351763
15,7,0.756769153,0.134446318,0.092621057
15,8,0.461460793,0.145524918,0.795205469
15,9,0.678225374,0.707145986,0.168577348
15,10,0.69365262,0.59914369,0.074801174
15,11,0.278187422,0.359204493,0.653666149
15,12,0.267847924,0.537964384,0.420795922
15,13,0.676863423,0.142025138,0.758684941
15,14,0.956198708,0.914998885,0.583930048
15,15,0.359805607,0.383830489,0.808647374
15,16,0.75825391,0.962435473,0.120433673
15,17,0.198882987,0.385254576,0.012741403
15,18,0.280060872,0.844186147,0.519761406
15,19,0.918709219,0.774239204,0.220443753
15,20,0.369789995,0.114002346,0.217118677
15,21,0.821711556,0.946791708,0.099095193
15,22,0.535215677,0.237417058,0.787718732
15,23,0.734673493,0.792017068,0.764696133
15,24,0.035687847,0.823573207,0.260442034
15,25,0.669759154,0.863605462,0.503196446
15,26,0.333469864,0.719584443,0.083799144
16,1,0.170513239,0.190845575,0.283849859
16,2,0.128164126,0.406139055,0.953489161
16,3,0.170790629,0.739630149,0.675987963
16,4,0.342155508,0.163100928,0.972008366
16,5,0.301154961,0.039726884,0.844109091
16,6,0.165061338,0.351620277,0.502233479
16,7,0.022420537,0.33864649,0.003555919
16,8,0.287564928,0.916919721,0.187709691
16,9,0.567591833,0.235497825,0.14042402
16,10,0.478834628,0.108013411,0.401145711
16,11,0.655211252,0.68236975,0.151328144
16,12,0.301070786,0.897795171,0.15528272
16,13,0.512844442,0.892226142,0.431443483
16,14,0.81621748,0.385662357,0.466959407
16,15,0.261095551,0.741453577,0.589260398
16,16,0.192584259,0.139699116,0.361055881
16,17,0.115216566,0.300204875,0.172475745
16,18,0.720783084,0.961004365,0.990541198
16,19,0.993371457,0.381028328,0.965130768
16,20,0.390024581,0.366927513,0.972686572
16,21,0.131663613,0.406917909,0.05634029
16,22,0.634043356,0.011302913,0.906516036
16,23,0.689425086,0.782541239,0.516710041
16,24,0.615908562,0.468691381,0.491729395
16,25,0.403062019,0.17307435,0.128683355
16,26,0.418440551,0.098622436,0.835452381
17,1,0.07290176,0.568552698,0.419246256
17,2,0.692538909,0.168498884,0.952638765
17,3,0.26250389,0.250129986,0.42359926
17,4,0.994456579,0.225365712,0.952006075
17,5,0.691524968,0.307369304,0.246114118
17,6,0.86777679,0.151895457,0.703853516
17,7,0.261137517,0.638313781,0.571086871
17,8,0.038843492,0.823078444,0.838873657
17,9,0.782712099,0.947442354,0.023049046
17,10,0.8632173,0.672487694,0.023519445
17,11,0.924645794,0.043601688,0.972040891
17,12,0.710047292,0.850384845,0.612972241
17,13,0.234745976,0.395591402,0.587325644
17,14,0.191901854,0.19287626,0.508268423
17,15,0.475013471,0.253836861,0.750740268
17,16,0.091715248,0.391492507,0.275693906
17,17,0.393405037,0.702779918,0.595873905
17,18,0.608746888,0.431797471,0.174495149
17,19,0.33637264,0.370786619,0.331424974
17,20,0.094165813,0.239162645,0.792050849
17,21,0.526405505,0.093477413,0.49455555
17,22,0.749246184,0.462416693,0.329687734
17,23,0.13814115,0.604905064,0.726427007
17,24,0.394203343,0.927193946,0.588687369
17,25,0.312596113,0.314769836,0.999639002
17,26,0.929421122,0.281415871,0.354759832
18,1,0.952920049,0.681466862,0.704824865
18,2,0.187556434,0.781865743,0.844223768
18,3,0.736526404,0.124418701,0.400202417
18,4,0.174016569,0.911425205,0.789229272
18,5,0.50749354,0.994372108,0.024726255
18,6,0.351661857,0.636418789,0.981069379
18,7,0.766965292,0.398591318,0.975279973
18,8,0.858638916,0.501190032,0.493081936
18,9,0.589247428,0.003465138,0.643698914
18,10,0.825485069,0.990855333,0.4929686
18,11,0.821168481,0.293669855,0.518217991
18,12,0.38650334,0.026676769,0.825212674
18,13,0.560716998,0.06604399,0.385717093
18,14,0.655965353,0.228184843,0.466882067
18,15,0.781796726,0.818937325,0.486264694
18,16,0.710339188,0.217565076,0.245877216
18,17,0.378873788,0.90161888,0.765274405
18,18,0.357199047,0.821430647,0.733315004
18,19,0.230355042,0.239818702,0.950715321
18,20,0.59609221,0.607018067,0.740557161
18,21,0.203501001,0.745715892,0.738069442
18,22,0.448472682,0.53617914,0.162771554
18,23,0.600112377,0.12971537,0.922197755
18,24,0.142759026,0.803505252,0.255900574
18,25,0.855153974,0.208525883,0.604894386
18,26,0.858034198,0.937369476,0.32040653
19,1,0.964437667,0.458791214,0.27283711
19,2,0.893758935,0.115745708,0.78678875
19,3,0.715737955,0.472479803,0.913625117
19,4,0.312623496,0.656114046,0.807937153
19,5,0.800932864,0.403149858,0.083925528
19,6,0.991288662,0.988382968,0.477997988
19,7,0.992722498,0.582090806,0.913631097
19,8,0.624797766,0.913975911,0.551592198
19,9,0.112370161,0.033085142,0.790467171
19,10,0.517433282,0.920884551,0.740902644
19,11,0.001829159,0.141707672,0.276974118
19,12,0.727725174,0.007883304,0.136647389
19,13,0.110009179,0.53872418,0.130900164
19,14,0.770060476,0.036904423,0.400754868
19,15,0.057101952,0.503234938,0.788174869
19,16,0.133927753,0.787847225,0.481267179
19,17,0.81108543,0.009901598,0.895787572
19,18,0.014256014,0.419344827,0.231113106
19,19,0.623070284,0.485047739,0.512985012
19,20,0.342570656,0.929646458,0.837664793
19,21,0.746810476,0.473202104,0.056415757
19,22,0.918059653,0.370257988,0.854191739
19,23,0.119912002,0.694820086,0.023135406
19,24,0.034260378,0.556184952,0.932881035
19,25,0.939952206,0.839564918,0.124751734
19,26,0.091261488,0.440803896,0.696994466
20,1,0.779744842,0.77063709,0.592084462
20,2,0.41170006,0.339906504,0.08707227
20,3,0.457938862,0.953018884,0.740192466
20,4,0.588929941,0.960223094,0.275097953
20,5,0.744254444,0.643961338,0.023618265
20,6,0.483601035,0.544037502,0.34497682
20,7,0.567216261,0.849252318,0.181026638
20,8,0.033762352,0.770631063,0.772634841
20,9,0.435092938,0.932637167,0.418908487
20,10,0.156140788,0.263458946,0.701975446
20,11,0.800010338,0.432665074,0.482370605
20,12,0.620877731,0.778269104,0.561784023
20,13,0.042672292,0.214495872,0.160656079
20,14,0.217509268,0.080178411,0.758652106
20,15,0.436073967,0.393204094,0.672417572
20,16,0.183503735,0.812336414,0.006010086
20,17,0.444348626,0.514910671,0.240772886
20,18,0.048433965,0.599001973,0.06020788
20,19,0.248304882,0.832437255,0.377853959
20,20,0.602884232,0.006704008,0.77762895
20,21,0.380961948,0.396232152,0.065773082
20,22,0.929037418,0.71595656,0.007369753
20,23,0.112558942,0.471701367,0.28095549
20,24,0.241410291,0.20371058,0.349508651
20,25,0.945218107,0.907005055,0.698441113
20,26,0.143264856,0.687142551,0.373928496
21,1,0.695683012,0.234902817,0.545304606
21,2,0.873189643,0.53369066,0.842067072
21,3,0.873160965,0.016861531,0.972842326
21,4,0.965713871,0.810416511,0.252072163
21,5,0.583714973,0.908696441,0.050969653
21,6,0.454305948,0.376748185,0.887736649
21,7,0.04562751,0.59897958,0.461751621
21,8,0.972816306,0.005177928,0.005489525
21,9,0.560109411,0.595194153,0.983912956
21,10,0.736586906,0.790274546,0.132470671
21,11,0.542546075,0.298825538,0.705634511
21,12,0.339211053,0.335465649,0.816392477
21,13,0.078175097,0.531444988,0.499861856
21,14,0.686839505,0.545301767,0.725123749
21,15,0.249925664,0.788438708,0.909771003
21,16,0.314274493,0.309791674,0.502471652
21,17,0.092772953,0.058537073,0.923232298
21,18,0.614528524,0.049545999,0.244542429
21,19,0.059910832,0.602878668,0.387895579
21,20,0.593480142,0.956001345,0.086256373
21,21,0.354482123,0.752615849,0.200043817
21,22,0.290275845,0.153840212,0.275894805
21,23,0.383945904,0.443300174,0.981569864
21,24,0.512058997,0.248018348,0.06409801
21,25,0.897115879,0.286103532,0.198174378
21,26,0.905404841,0.753049602,0.633473543
22,1,0.366851388,0.126544032,0.868507181
22,2,0.629306814,0.0151226,0.883391815
22,3,0.586037313,0.97719509,0.904642413
22,4,0.439546301,0.184678065,0.619703695
22,5,0.968414614,0.617299454,0.36123478
22,6,0.777200399,0.848592991,0.019223066
22,7,0.263973894,0.879137956,0.972154529
22,8,0.524332839,0.671268153,0.545118673
22,9,0.938065387,0.958764716,0.621073995
22,10,0.589763436,0.562106891,0.470816236
22,11,0.079420202,0.203807754,0.400056413
22,12,0.040903376,0.665698281,0.979322085
22,13,0.82213949,0.725565643,0.094303512
22,14,0.242866718,0.772311073,0.349347726
22,15,0.608498423,0.3175108,0.003810852
22,16,0.004372782,0.209690399,0.929841818
22,17,0.542669492,0.03643633,0.197195817
22,18,0.351305607,0.971815828,0.528173075
22,19,0.23837704,0.820530542,0.03680522
22,20,0.328158543,0.012208358,0.629060574
22,21,0.26293887,0.764712066,0.824299074
22,22,0.309130771,0.726391231,0.882381126
22,23,0.387815244,0.852111534,0.960807904
22,24,0.102339514,0.252455017,0.354563185
22,25,0.0854757,0.580286296,0.759313579
22,26,0.4310335,0.277981638,0.936930946
23,1,0.969484745,0.155233299,0.005086432
23,2,0.076033696,0.391804999,0.770053955
23,3,0.621337391,0.572170763,0.684482661
23,4,0.318566348,0.138454962,0.327727769
23,5,0.959935074,0.084677828,0.8990856
23,6,0.184831822,0.870119669,0.835534889
23,7,0.5917989,0.853195835,0.46019778
23,8,0.580637955,0.612978574,0.286408171
23,9,0.81605941,0.038120969,0.888346514
23,10,0.115016295,0.381677129,0.24010272
23,11,0.938148333,0.805879978,0.794969844
23,12,0.359301698,0.13526819,0.885711771
23,13,0.342039893,0.564268233,0.329870304
23,14,0.412109618,0.552878048,0.929390256
23,15,0.278335847,0.325661525,0.436748133
23,16,0.421354937,0.465543275,0.2986307
23,17,0.199177932,0.887823369,0.581239454
23,18,0.267825982,0.973569441,0.924295207
23,19,0.250185826,0.62624393,0.342635872
23,20,0.674922426,0.323332477,0.694941235
23,21,0.133682725,0.628320179,0.994446602
23,22,0.331834076,0.703162876,0.847508912
23,23,0.468507551,0.803063653,0.115844506
23,24,0.247975848,0.171031066,0.46282176
23,25,0.857764643,0.318701857,0.434752721
23,26,0.35314924,0.956377193,0.439170144
24,1,0.46235191,0.902645194,0.208122093
24,2,0.868870698,0.159960734,0.467571179
24,3,0.832324206,0.119016774,0.758664264
24,4,0.377542289,0.725269852,0.156902166
24,5,0.627384802,0.900169787,0.864455895
24,6,0.936799024,0.271004637,0.404612132
24,7,0.490210294,0.748063888,0.85190115
24,8,0.645708833,0.128892688,0.953092043
24,9,0.170603778,0.339423932,0.586938665
24,10,0.658923279,0.328010632,0.182823915
24,11,0.107002416,0.241993059,0.886303436
24,12,0.305559053,0.896748926,0.862188088
24,13,0.3381506,0.651179262,0.434040203
24,14,0.940357607,0.586787413,0.507818046
24,15,0.291119932,0.868970111,0.47663186
24,16,0.22256879,0.808539214,0.441255341
24,17,0.592248255,0.467146471,0.558233268
24,18,0.254060122,0.267484543,0.964109292
24,19,0.196505238,0.821050316,0.921903401
24,20,0.912000538,0.727864191,0.367216204
24,21,0.661705775,0.912152969,0.208880373
24,22,0.517526563,0.414789602,0.397283945
24,23,0.89017517,0.343042853,0.532237226
24,24,0.494204915,0.606342806,0.012471937
24,25,0.649744473,0.195329065,0.209198461
24,26,0.409646223,0.022635998,0.181178881
25,1,0.539973584,0.827077854,0.039700737
25,2,0.241339365,0.017338834,0.889052698
25,3,0.140082161,0.551048758,0.578669508
25,4,0.443048912,0.087255477,0.763888302
25,5,0.167798148,0.718120415,0.537995627
25,6,0.610038842,0.556484957,0.652565646
25,7,0.36379425,0.442915842,0.477233435
25,8,0.061427908,0.506669739,0.816562435
25,9,0.094213397,0.209781778,0.592593452
25,10,0.74892579,0.028124069,0.676733909
25,11,0.69066134,0.638145593,0.760533587
25,12,0.403924975,0.971132782,0.793858351
25,13,0.848101793,0.850248282,0.580696982
25,14,0.485737752,0.462028172,0.472903885
25,15,0.471158846,0.198115614,0.749411345
25,16,0.96937925,0.911133085,0.679544769
25,17,0.845905395,0.710930229,0.157834264
25,18,0.754076064,0.027237724,0.806369453
25,19,0.098585646,0.658625985,0.353423883
25,20,0.393380571,0.593664799,0.75040051
25,21,0.201752965,0.432590182,0.023874957
25,22,0.783625501,0.494286366,0.714780028
25,23,0.042514894,0.692451691,0.149821774
25,24,0.103922768,0.175463748,0.388778101
25,25,0.918767826,0.072093811,0.012460833
25,26,0.247451165,0.846453415,0.120851087
26,1,0.61630266,0.112153167,0.009945263
26,2,0.482159456,0.047060349,0.723534362
26,3,0.405563917,0.936015053,0.999269628
26,4,0.054679696,0.051752891,0.19178979
26,5,0.608799179,0.50600302,0.92065793
26,6,0.206952224,0.053627691,0.872022908
26,7,0.912171611,0.978886849,0.366240014
26,8,0.430972297,0.689234053,0.859706357
26,9,0.484960332,0.808443514,0.527465463
26,10,0.581993635,0.721006808,0.633609663
26,11,0.702872109,0.263516915,0.235356038
26,12,0.478941891,0.345400557,0.830207115
26,13,0.796728732,0.639303504,0.062324179
26,14,0.411613557,0.115318056,0.834540548
26,15,0.171826911,0.624585007,0.142144149
26,16,0.24923166,0.361966212,0.449156838
26,17,0.915475538,0.118695742,0.411106198
26,18,0.039263934,0.63802367,0.141992828
26,19,0.133996349,0.12689276,0.998429666
26,20,0.685826552,0.891644414,0.327282531
26,21,0.761520616,0.159708244,0.291925697
26,22,0.496730482,0.66846312,0.273872168
26,23,0.354694634,0.628396175,0.701631106
26,24,0.019923198,0.97820317,0.458255995
26,25,0.578401607,0.823633704,0.489392702
26,26,0.153396297,0.808503532,0.89651571
27,1,0.859817042,0.046987453,0.196589174
27,2,0.184729126,0.033660859,0.174664376
27,3,0.598065058,0.378344367,0.229437187
27,4,0.049318714,0.442620229,0.436489949
27,5,0.142799609,0.706531188,0.444244154
27,6,0.431164507,0.119344922,0.500291676
27,7,0.029838222,0.986090825,0.397489426
27,8,0.922565732,0.863102443,0.362795222
27,9,0.283357816,0.244713647,0.781934232
27,10,0.357073973,0.163963271,0.959244144
27,11,0.6300339,0.051103251,0.105275255
27,12,0.704650059,0.962786927,0.938234713
27,13,0.680695347,0.33875961,0.183351979
27,14,0.202185074,0.849276647,0.725449041
27,15,0.821047636,0.134913856,0.73287499
27,16,0.120731125,0.192563628,0.063880896
27,17,0.313396621,0.02607179,0.111856356
27,18,0.795382146,0.131129849,0.847593229
27,19,0.540242408,0.452053961,0.064802288
27,20,0.78922764,0.148844282,0.008746626
27,21,0.936663454,0.867923231,0.017256998
27,22,0.335354496,0.321148266,0.506132193
27,23,0.058440599,0.243476941,0.422658978
27,24,0.125267203,0.626256135,0.549213126
27,25,0.603285705,0.234141984,0.261424657
27,26,0.415171746,0.719215944,0.21254322
28,1,0.051594956,0.644143249,0.703569592
28,2,0.93355401,0.35425388,0.951137019
28,3,0.060072358,0.058351049,0.467902483
28,4,0.413592211,0.959368041,0.108260271
28,5,0.851446272,0.073250224,0.770683421
28,6,0.321960351,0.278384813,0.947145689
28,7,0.074972877,0.649955545,0.553200632
28,8,0.117356477,0.77806569,0.698733416
28,9,0.747248251,0.161250687,0.587825084
28,10,0.824852406,0.367188767,0.501529467
28,11,0.790839759,0.679506062,0.165255948
28,12,0.478085415,0.855632818,0.038749144
28,13,0.985097907,0.344539071,0.725101055
28,14,0.366874189,0.092422633,0.705676319
28,15,0.340801578,0.296226043,0.499711525
28,16,0.099272866,0.347821334,0.536233071
28,17,0.742504763,0.419809353,0.421642872
28,18,0.757234019,0.362378359,0.812391397
28,19,0.320985823,0.12290467,0.281361532
28,20,0.290653385,0.097915061,0.043650687
28,21,0.580205239,0.097486553,0.134151271
28,22,0.051168122,0.497456336,0.212818428
28,23,0.965372666,0.788878458,0.038641178
28,24,0.092574168,0.866119247,0.048952678
28,25,0.640825317,0.853489647,0.296529088
28,26,0.077046821,0.515607862,0.360082736
29,1,0.003087008,0.257816546,0.236380502
29,2,0.15883939,0.698243075,0.514715764
29,3,0.758473854,0.878752212,0.497530144
29,4,0.107509876,0.381902991,0.056088016
29,5,0.828591358,0.802327336,0.654263382
29,6,0.057265451,0.647587848,0.86826735
29,7,0.821452981,0.932078706,0.285144682
29,8,0.968922049,0.140751928,0.575345081
29,9,0.880243852,0.038178303,0.63806571
29,10,0.319114774,0.943679468,0.656013034
29,11,0.978427726,0.009064614,0.772818334
29,12,0.386426044,0.285781868,0.900159755
29,13,0.918954647,0.71147973,0.816755893
29,14,0.283851151,0.512925983,0.049468296
29,15,0.974246328,0.046845639,0.727097462
29,16,0.293225537,0.567924781,0.948870769
29,17,0.695329546,0.097177616,0.178616232
29,18,0.763336146,0.596907043,0.989128778
29,19,0.19582063,0.710224679,0.468376916
29,20,0.658215737,0.013317917,0.388776966
29,21,0.428816852,0.485713623,0.448282155
29,22,0.340485636,0.630387904,0.535613536
29,23,0.159856787,0.210311868,0.528869833
29,24,0.032316867,0.771663075,0.382501936
29,25,0.502715212,0.866592528,0.40229998
29,26,0.833715681,0.874889165,0.329447578
30,1,0.882581485,0.340976381,0.943335558
30,2,0.059004292,0.476621629,0.304741533
30,3,0.262175902,0.214251815,0.287594919
30,4,0.056009852,0.007833751,0.880650616
30,5,0.201701495,0.317632749,0.408054097
30,6,0.150204091,0.499617232,0.321842255
30,7,0.983888395,0.728801889,0.914054105
30,8,0.575290465,0.909527885,0.352789134
30,9,0.21058106,0.591373997,0.085219783
30,10,0.73187349,0.744314842,0.303896965
30,11,0.501546176,0.459499161,0.972049205
30,12,0.628383357,0.44922165,0.597466186
30,13,0.777887546,0.067502912,0.820252742
30,14,0.438219942,0.018949437,0.973777415
30,15,0.316246172,0.060761537,0.230397998
30,16,0.730747073,0.894553904,0.115310699
30,17,0.962738082,0.997364406,0.723357475
30,18,0.227362291,0.639930283,0.154626339
30,19,0.772046864,0.705048555,0.159490618
30,20,0.788900392,0.036858801,0.539997724
30,21,0.186935386,0.936703025,0.424930334
30,22,0.742400985,0.461756566,0.717502463
30,23,0.030510879,0.360814627,0.1777353
30,24,0.162539206,0.297195671,0.875357197
30,25,0.717398691,0.971801584,0.141228477
30,26,0.468396714,0.238582724,0.670647411
31,1,0.073763608,0.625379865,0.558678245
31,2,0.395381474,0.343557958,0.484209486
31,3,0.006684689,0.364928258,0.658545596
31,4,0.272597153,0.378712414,0.545213896
31,5,0.02402784,0.436292555,0.284738188
31,6,0.781307761,0.581876816,0.034849632
31,7,0.368005391,0.26237848,0.656555796
31,8,0.293152119,0.966706855,0.184995641
31,9,0.057887345,0.803963738,0.319702047
31,10,0.339951401,0.245745122,0.419937712
31,11,0.00427174,0.684473468,0.128670917
31,12,0.451791583,0.064812404,0.313446645
31,13,0.280344685,0.934536054,0.672141653
31,14,0.442593683,0.210960899,0.07500468
31,15,0.203452616,0.041297571,0.471322885
31,16,0.549543939,0.423102973,0.423201622
31,17,0.055785939,0.033171901,0.810065926
31,18,0.608941759,0.832314276,0.070805083
31,19,0.442600034,0.653075651,0.147694285
31,20,0.025140999,0.770301116,0.476234208
31,21,0.018909191,0.18639498,0.785282453
31,22,0.702634704,0.982057608,0.973806873
31,23,0.103313232,0.412558246,0.782863993
31,24,0.880190029,0.416405436,0.239310761
31,25,0.653916553,0.126055116,0.140337504
31,26,0.492118513,0.16052052,0.059025769
32,1,0.248224895,0.911190325,0.006198746
32,2,0.735281181,0.877887188,0.397184607
32,3,0.051280694,0.584404657,0.43739146
32,4,0.528038424,0.644761153,0.107004621
32,5,0.063030151,0.891065875,0.328416692
32,6,0.664216332,0.255956301,0.030999483
32,7,0.287091979,0.830149211,0.419121341
32,8,0.144032444,0.555949135,0.810076161
32,9,0.815814596,0.515443509,0.369662042
32,10,0.114135458,0.495279013,0.155817981
32,11,0.777375117,0.104964843,0.207946282
32,12,0.893545384,0.030788824,0.380921878
32,13,0.276818178,0.741413655,0.139165349
32,14,0.365438991,0.805049007,0.076813222
32,15,0.089359496,0.746871603,0.406471555
32,16,0.032267991,0.978473837,0.938711064
32,17,0.008490431,0.172435235,0.948375349
32,18,0.734977251,0.968443268,0.066161784
32,19,0.04264703,0.916250151,0.56654284
32,20,0.084708474,0.836424071,0.042835671
32,21,0.48284082,0.147282567,0.705845668
32,22,0.884756454,0.850109356,0.013416712
32,23,0.846332043,0.35162667,0.009714321
32,24,0.504546001,0.052496817,0.938054816
32,25,0.985006985,0.202382293,0.643981981
32,26,0.259053948,0.511765421,0.820754502
33,1,0.300492887,0.920801546,0.811707835
33,2,0.403211173,0.088351161,0.621352184
33,3,0.954796409,0.98479756,0.121597509
33,4,0.362928751,0.145478205,0.779210899
33,5,0.699314992,0.745171447,0.882551431
33,6,0.391696861,0.04352538,0.196921624
33,7,0.901668125,0.423856139,0.735947885
33,8,0.408463726,0.439161301,0.897039632
33,9,0.174107822,0.767003798,0.782240874
33,10,0.94672657,0.434723566,0.460051439
33,11,0.356418052,0.233323134,0.593089924
33,12,0.090495932,0.621724843,0.298131829
33,13,0.945766731,0.102262896,0.898316184
33,14,0.298415922,0.305804463,0.321175326
33,15,0.294286698,0.348504535,0.75210665
33,16,0.153218302,0.87718961,0.060602611
33,17,0.373074838,0.329102238,0.496938394
33,18,0.419357076,0.243253231,0.820605374
33,19,0.97460462,0.6726847,0.791443555
33,20,0.971123456,0.630360093,0.49594266
33,21,0.030447048,0.513620025,0.830877427
33,22,0.553997787,0.708272518,0.733397107
33,23,0.410962599,0.04176211,0.532565777
33,24,0.505867931,0.151303667,0.920834068
33,25,0.574489128,0.172108053,0.746279684
33,26,0.475328341,0.529538972,0.381093987
34,1,0.559723396,0.53266863,0.482419424
34,2,0.341039288,0.307923998,0.070954884
34,3,0.259580266,0.561320865,0.439713954
34,4,0.231895649,0.674969934,0.295200116
34,5,0.528897548,0.529436703,0.888528244
34,6,0.620586879,0.756113309,0.646782047
34,7,0.155725493,0.833479608,0.961056059
34,8,0.822174275,0.98422316,0.591601979
34,9,0.689752234,0.763816783,0.728826433
34,10,0.809700123,0.562909411,0.564869878
34,11,0.413111176,0.753359587,0.505845703
34,12,0.082963013,0.095720751,0.79007621
34,13,0.288016577,0.016399533,0.581916842
34,14,0.652619143,0.939058351,0.216790573
34,15,0.953832614,0.801911616,0.51571896
34,16,0.74171192,0.37596922,0.574151859
34,17,0.978303504,0.636129306,0.172041046
34,18,0.197642343,0.981023937,0.730557472
34,19,0.876106196,0.914903167,0.929591973
34,20,0.306135116,0.659705195,0.88487836
34,21,0.86144403,0.778520104,0.375871053
34,22,0.542297357,0.977837771,0.870599536
34,23,0.003910154,0.110563753,0.0029261
34,24,0.043599745,0.891815987,0.16131284
34,25,0.35756902,0.828199205,0.75081898
34,26,0.478345142,0.094619241,0.764368555
35,1,0.887427663,0.351050894,0.362458489
35,2,0.340374996,0.599666124,0.923069987
35,3,0.294328176,0.750377029,0.200572031
35,4,0.348149285,0.993027846,0.722771588
35,5,0.845818904,0.506430277,0.9446052
35,6,0.929559123,0.098141011,0.793741662
35,7,0.230026047,0.603232797,0.011339417
35,8,0.364382767,0.150793821,0.340176163
35,9,0.746257009,0.937110535,0.566945525
35,10,0.321240867,0.043744705,0.419327287
35,11,0.38788895,0.693035657,0.057455648
35,12,0.769163609,0.307789672,0.624206181
35,13,0.380902617,0.342670206,0.373524103
35,14,0.379319842,0.57167738,0.2288103
35,15,0.405718296,0.117306086,0.280283908
35,16,0.088288592,0.210032227,0.498688105
35,17,0.515085293,0.391607548,0.235748413
35,18,0.426887752,0.990848769,0.454794239
35,19,0.447863415,0.105114538,0.272053575
35,20,0.245601925,0.97469532,0.977165834
35,21,0.528035201,0.364568192,0.884067406
35,22,0.87748025,0.455139226,0.093176917
35,23,0.407863879,0.531492264,0.919969781
35,24,0.633149467,0.191110367,0.526513452
35,25,0.643451617,0.614833781,0.941811561
35,26,0.210652718,0.618466313,0.660230323
36,1,0.239216245,0.567492565,0.662553941
36,2,0.839320503,0.913173075,0.085726177
36,3,0.983157408,0.271421088,0.765402325
36,4,0.087796157,0.164030137,0.863215412
36,5,0.55942273,0.003354345,0.872732836
36,6,0.107020423,0.672972201,0.604592378
36,7,0.700001441,0.035422865,0.361984037
36,8,0.990593932,0.703388774,0.0962112
36,9,0.557589201,0.433163137,0.631779691
36,10,0.167595959,0.028816186,0.892885108
36,11,0.302714479,0.371352355,0.326796074
36,12,0.269997033,0.156369545,0.370984084
36,13,0.465482485,0.616208741,0.302020937
36,14,0.422746661,0.636420591,0.045197587
36,15,0.266332885,0.657242739,0.65420574
36,16,0.446025111,0.983349484,0.308632677
36,17,0.07615782,0.834093633,0.505677177
36,18,0.612865982,0.785394971,0.66494122
36,19,0.965996315,0.369761979,0.580429277
36,20,0.794277763,0.268965367,0.532030715
36,21,0.296467802,0.136650535,0.377534312
36,22,0.20669886,0.204066874,0.47918184
36,23,0.775425102,0.859788565,0.097348466
36,24,0.87486733,0.601986236,0.397064045
36,25,0.183133847,0.124284341,0.336756245
36,26,0.315449453,0.385735165,0.308392526
37,1,0.249015629,0.735318635,0.607432959
37,2,0.011956158,0.967729762,0.53006124
37,3,0.700152391,0.09441711,0.438363587
37,4,0.046015071,0.291958503,0.770925131
37,5,0.594378941,0.774061068,0.412083495
37,6,0.776044691,0.780349222,0.548815215
37,7,0.716414616,0.597770215,0.718797892
37,8,0.062086517,0.095100311,0.069473644
37,9,0.251236971,0.408466291,0.561913796
37,10,0.346686942,0.760799386,0.708606758
37,11,0.336284247,0.721925621,0.04525014
37,12,0.771909909,0.132874764,0.905994383
37,13,0.41325845,0.249472247,0.18842377
37,14,0.376917772,0.801733145,0.892778216
37,15,0.351607596,0.12253906,0.516994831
37,16,0.333049427,0.46354901,0.0704716
37,17,0.483017292,0.646948191,0.930789256
37,18,0.524773599,0.411405994,0.479619404
37,19,0.055219583,0.118498319,0.277141694
37,20,0.182045412,0.135305483,0.581963702
37,21,0.363199189,0.147054356,0.841507617
37,22,0.170065498,0.670862979,0.58636832
37,23,0.981408099,0.135257176,0.482235077
37,24,0.830192303,0.528946176,0.572811295
37,25,0.587277071,0.39731746,0.057107935
37,26,0.704428369,0.724221739,0.375995995
38,1,0.857543598,0.357465233,0.306327096
38,2,0.339592901,0.232547153,0.666229392
38,3,0.774933528,0.170673601,0.472968728
38,4,0.052667208,0.498326202,0.847566971
38,5,0.699780204,0.213975303,0.984227169
38,6,0.433766531,0.442820302,0.151547197
38,7,0.881545825,0.271278375,0.031486467
38,8,0.27893219,0.267647598,0.405765268
38,9,0.302907642,0.324747234,0.163881424
38,10,0.428412575,0.320724785,0.75649371
38,11,0.292211204,0.142790844,0.291088845
38,12,0.182787505,0.367832363,0.224780085
38,13,0.446493038,0.19511324,0.220782503
38,14,0.458019738,0.28994804,0.143202309
38,15,0.953506828,0.795904291,0.402583834
38,16,0.364383427,0.256698354,0.630923266
38,17,0.959810726,0.238245809,0.816862273
38,18,0.729643577,0.734241281,0.456679471
38,19,0.358918022,0.398511187,0.979106537
38,20,0.37750142,0.118026279,0.189098232
38,21,0.874658017,0.915288528,0.570024648
38,22,0.92529473,0.723610912,0.284576155
38,23,0.491726568,0.331492082,0.471827739
38,24,0.964457358,0.563840987,0.500840619
38,25,0.176808279,0.501910022,0.819884453
38,26,0.839628625,0.143528351,0.318270463
39,1,0.198342006,0.881771501,0.02122934
39,2,0.681957759,0.546984063,0.227408745
39,3,0.918009015,0.523429352,0.775576998
39,4,0.852394531,0.602210094,0.706608168
39,5,0.485653153,0.454283893,0.211592837
39,6,0.071857021,0.600546623,0.449429442
39,7,0.259873391,0.450319408,0.061136257
39,8,0.122200908,0.913384475,0.757832952
39,9,0.683138658,0.970404647,0.428244014
39,10,0.96099481,0.852107856,0.009214773
39,11,0.485531879,0.203940931,0.381756202
39,12,0.013788986,0.69595732,0.255804552
39,13,0.133809364,0.035789442,0.49974307
39,14,0.105612283,0.29641786,0.058134362
39,15,0.427380451,0.589182763,0.314158503
39,16,0.637170067,0.614900929,0.687793382
39,17,0.26869417,0.020493752,0.326646998
39,18,0.20478054,0.935711901,0.105787776
39,19,0.72269885,0.188361031,0.66297273
39,20,0.450603783,0.908637824,0.403211477
39,21,0.598742804,0.970979734,0.570547732
39,22,0.286969064,0.936913847,0.763791297
39,23,0.311730979,0.750705486,0.345502408
39,24,0.760302203,0.528950306,0.635244142
39,25,0.046051754,0.26904545,0.102290776
39,26,0.423470777,0.939787366,0.153685903
40,1,0.498592556,0.194123143,0.373248484
40,2,0.195762744,0.88395656,0.649372376
40,3,0.14427766,0.093950972,0.496339761
40,4,0.916959421,0.159658612,0.341330611
40,5,0.442819558,0.582278326,0.471028771
40,6,0.977865003,0.155043654,0.312197055
40,7,0.572390341,0.951138827,0.221002957
40,8,0.730220081,0.351329752,0.305848321
40,9,0.517637386,0.380357215,0.193268792
40,10,0.370630967,0.642874695,0.570180044
40,11,0.771167318,0.028942097,0.642439415
40,12,0.365275206,0.88322287,0.855442205
40,13,0.147557376,0.855633285,0.066766962
40,14,0.137187854,0.506013112,0.873217916
40,15,0.801056367,0.203898396,0.008147751
40,16,0.897142791,0.207872682,0.797863834
40,17,0.082332821,0.792369605,0.838520082
40,18,0.744753879,0.810404293,0.070195739
40,19,0.371966901,0.865265977,0.983422376
40,20,0.792192321,0.505289867,0.819336441
40,21,0.858474621,0.230697524,0.409913989
40,22,0.786744898,0.27196822,0.923725536
40,23,0.724821646,0.43707683,0.696150251
40,24,0.802467183,0.939979661,0.746085486
40,25,0.431580357,0.078847458,0.29597944
40,26,0.7863643,0.757682752,0.986313366
41,1,0.2783895,0.193561075,0.699024098
41,2,0.029087442,0.016457814,0.818814311
41,3,0.440615457,0.309283044,0.035511191
41,4,0.803778453,0.997500194,0.056436395
41,5,0.854746114,0.843417755,0.340675446
41,6,0.436621995,0.914614739,0.769566675
41,7,0.232068521,0.458392857,0.60382523
41,8,0.224612485,0.521175175,0.453010288
41,9,0.590874689,0.388478446,0.194400834
41,10,0.872206233,0.310330044,0.370069438
41,11,0.720186401,0.715948547,0.618531563
41,12,0.141909238,0.796501143,0.291925872
41,13,0.754081636,0.335219568,0.083649706
41,14,0.894092372,0.208626015,0.825877299
41,15,0.889415216,0.84278792,0.049605871
41,16,0.923478558,0.814509435,0.909001796
41,17,0.102776444,0.94365377,0.838500476
41,18,0.931312284,0.441136552,0.128867904
41,19,0.358595936,0.550671531,0.575773408
41,20,0.220522777,0.875323225,0.875773439
41,21,0.271610656,0.76008821,0.589744721
41,22,0.899592073,0.398209942,0.798439213
41,23,0.79827566,0.519323383,0.628047522
41,24,0.115957812,0.536473553,0.751615411
41,25,0.239808431,0.863905449,0.924871478
41,26,0.920008662,0.984561385,0.13889425
42,1,0.362487964,0.7586635,0.582409129
42,2,0.076301535,0.588678215,0.134317064
42,3,0.374654284,0.052980184,0.323745811
42,4,0.644156544,0.521434139,0.137595602
42,5,0.043122884,0.502499056,0.834323225
42,6,0.039330263,0.712712764,0.638323296
42,7,0.873564416,0.152597122,0.899938336
42,8,0.404950344,0.882313435,0.723911808
42,9,0.510767756,0.706100272,0.147699822
42,10,0.710125226,0.622744186,0.930690398
42,11,0.480407522,0.461806964,0.125123492
42,12,0.971093409,0.580123208,0.399873041
42,13,0.431755437,0.893881152,0.836652712
42,14,0.41898397,0.028696394,0.804082987
42,15,0.948020226,0.044801032,0.032317464
42,16,0.207631655,0.100962455,0.685489451
42,17,0.459938969,0.521328914,0.885308086
42,18,0.496079096,0.390695113,0.285553216
42,19,0.376208828,0.338753897,0.224057577
42,20,0.00768889,0.599394425,0.907599346
42,21,0.961355824,0.524186159,0.362597536
42,22,0.688240029,0.193798402,0.524096288
42,23,0.505595711,0.461858558,0.46570987
42,24,0.420155434,0.745729995,0.060757623
42,25,0.056392315,0.299262414,0.350772337
42,26,0.204589087,0.589823694,0.264946645
43,1,0.416522375,0.986838506,0.847148822
43,2,0.656394161,0.772875217,0.808918244
43,3,0.128465089,0.220909915,0.496728963
43,4,0.754995057,0.674846965,0.936422905
43,5,0.603696642,0.382886393,0.104721408
43,6,0.295471727,0.685636838,0.293879459
43,7,0.626485451,0.564616525,0.310286661
43,8,0.424209344,0.377331309,0.636873697
43,9,0.492424552,0.369591719,0.53800185
43,10,0.206572697,0.405512579,0.931904926
43,11,0.359837402,0.114476373,0.859871685
43,12,0.687600975,0.680685152,0.543366372
43,13,0.118437359,0.884349284,0.419814508
43,14,0.35967429,0.211704632,0.747819511
43,15,0.277287649,0.432815501,0.004621795
43,16,0.316302852,0.985532017,0.849169139
43,17,0.26593551,0.721630913,0.941878374
43,18,0.29971254,0.352196853,0.824459552
43,19,0.594798732,0.355675488,0.820922339
43,20,0.491448706,0.227570568,0.469199688
43,21,0.304416958,0.632989225,0.142427622
43,22,0.227425958,0.071815464,0.059820333
43,23,0.395457863,0.487290578,0.346277186
43,24,0.256417602,0.290015901,0.735592905
43,25,0.612870234,0.215294301,0.493581642
43,26,0.309316977,0.204845481,0.201251046
44,1,0.404472594,0.664156879,0.113408555
44,2,0.820480792,0.603523219,0.206718796
44,3,0.576451733,0.530504091,0.729577807
44,4,0.829329111,0.366896029,0.764056164
44,5,0.499904809,0.869741464,0.658385097
44,6,0.144454245,0.138806564,0.102092261
44,7,0.601312335,0.512935154,0.764158391
44,8,0.17428974,0.965917861,0.065592771
44,9,0.797200965,0.580019047,0.448530669
44,10,0.442925493,0.660158759,0.523586725
44,11,0.354915146,0.014976936,0.921295049
44,12,0.983482069,0.373387279,0.736120915
44,13,0.836599272,0.25902638,0.215130218
44,14,0.069150487,0.801186832,0.7766067
44,15,0.43461014,0.463141401,0.912251707
44,16,0.51102563,0.044539387,0.119749657
44,17,0.773939931,0.044219486,0.430772448
44,18,0.194439721,0.84662185,0.083093541
44,19,0.827817834,0.083595149,0.092499051
44,20,0.064439583,0.802703591,0.666152245
44,21,0.395159881,0.442410681,0.82171407
44,22,0.483860441,0.471633584,0.352531408
44,23,0.349533016,0.271067909,0.191437836
44,24,0.251928938,0.430448009,0.597525167
44,25,0.730146246,0.484215896,0.218784362
44,26,0.386936454,0.883618097,0.323253652
45,1,0.397321556,0.307171577,0.668604871
45,2,0.445758531,0.563149316,0.910234493
45,3,0.374185094,0.505304168,0.711754127
45,4,0.603944121,0.222899066,0.945335923
45,5,0.943101055,0.991102715,0.931413329
45,6,0.450836084,0.5549946,0.005306657
45,7,0.866860952,0.942432801,0.653061382
45,8,0.876335512,0.564354242,0.931031624
45,9,0.684170254,0.666176907,0.889695398
45,10,0.646865578,0.729343715,0.030511544
45,11,0.299000677,0.178759294,0.776856386
45,12,0.506047196,0.666300012,0.164808686
45,13,0.38996867,0.276979789,0.643455762
45,14,0.412407298,0.219497623,0.786182748
45,15,0.987402852,0.774962325,0.735762858
45,16,0.334543116,0.293442855,0.004322699
45,17,0.316782303,0.470592376,0.521686434
45,18,0.695515601,0.481435678,0.919076758
45,19,0.770337825,0.173158337,0.56946611
45,20,0.438729256,0.600621324,0.910682386
45,21,0.540446674,0.743782053,0.006788202
45,22,0.745656175,0.128442034,0.543077746
45,23,0.769142706,0.126514375,0.062519058
45,24,0.557983374,0.792376104,0.436150627
45,25,0.733278056,0.583806033,0.902378577
45,26,0.860590578,0.486696745,0.452933639
46,1,0.739886168,0.199455579,0.784555849
46,2,0.382525106,0.69109776,0.654325505
46,3,0.220852979,0.28107027,0.000203448
46,4,0.179896346,0.063031974,0.709677438
46,5,0.07134736,0.591494552,0.787142454
46,6,0.627104338,0.425090707,0.514390614
46,7,0.25874553,0.965968963,0.599597225
46,8,0.118045154,0.240141762,0.000323547
46,9,0.582496623,0.795323703,0.974401302
46,10,0.378056306,0.013753448,0.654988673
46,11,0.82165351,0.007539851,0.942595674
46,12,0.60143137,0.976620035,0.930651046
46,13,0.175277313,0.11917595,0.278277503
46,14,0.523747054,0.402528096,0.362141748
46,15,0.482140871,0.937219944,0.517438523
46,16,0.99865961,0.155974892,0.12110424
46,17,0.587648218,0.768183106,0.689394157
46,18,0.408631389,0.486762808,0.287936928
46,19,0.079894321,0.066792257,0.087098671
46,20,0.814205537,0.751688014,0.843578045
46,21,0.305617389,0.453617725,0.406756828
46,22,0.085191352,0.430233322,0.999547963
46,23,0.45468414,0.216702422,0.362369262
46,24,0.973583054,0.712009958,0.007323203
46,25,0.80381521,0.030982267,0.647535549
46,26,0.734438874,0.183358326,0.731324596
47,1,0.085891412,0.043820229,0.763690603
47,2,0.384618381,0.809652974,0.940521962
47,3,0.244160952,0.23059368,0.691237616
47,4,0.226727903,0.635769539,0.204802005
47,5,0.953331432,0.89168403,0.80991868
47,6,0.478658325,0.5470782,0.783826531
47,7,0.187457178,0.544527983,0.621604589
47,8,0.296945684,0.536452516,0.712564824
47,9,0.239352587,0.033193539,0.202142421
47,10,0.481314236,0.80816788,0.560966728
47,11,0.315497608,0.177137327,0.316153967
47,12,0.044450872,0.070800424,0.428961034
47,13,0.372998436,0.68251139,0.819164434
47,14,0.220988084,0.545284101,0.513560285
47,15,0.436219992,0.829998606,0.361458783
47,16,0.834656612,0.691645661,0.210031871
47,17,0.705960691,0.347012888,0.819641888
47,18,0.215671502,0.220025557,0.112118495
47,19,0.651349598,0.808282766,0.046745152
47,20,0.215858711,0.723550972,0.184575027
47,21,0.964166275,0.21224653,0.653588824
47,22,0.05188053,0.044216869,0.040823234
47,23,0.796581095,0.658347388,0.353917544
47,24,0.789273941,0.296851808,0.514153976
47,25,0.734425744,0.992955179,0.201897551
47,26,0.812691185,0.717837424,0.366335475
48,1,0.352711105,0.114734827,0.865117155
48,2,0.309695135,0.703369392,0.248542534
48,3,0.080470246,0.944533613,0.936642162
48,4,0.481841879,0.95078748,0.059261258
48,5,0.353415357,0.986326895,0.148303552
48,6,0.763053868,0.188508595,0.042717377
48,7,0.359748735,0.01192678,0.007878017
48,8,0.655891733,0.907214419,0.415576348
48,9,0.968157509,0.112415239,0.036631256
48,10,0.832252484,0.702932579,0.722248175
48,11,0.891717943,0.857666008,0.062089331
48,12,0.313863734,0.53295068,0.787592488
48,13,0.485026325,0.445550486,0.282631611
48,14,0.510635677,0.730995309,0.293645819
48,15,0.019485359,0.649891857,0.322847789
48,16,0.92643987,0.246847956,0.569951517
48,17,0.386865947,0.513797942,0.901831703
48,18,0.50569236,0.294750762,0.655606164
48,19,0.366971954,0.933386196,0.682325208
48,20,0.57739114,0.011913553,0.570993988
48,21,0.813075717,0.858917659,0.717773564
48,22,0.706485943,0.584633583,0.203681578
48,23,0.275016644,0.362960903,0.822675216
48,24,0.585747024,0.869218954,0.798563184
48,25,0.755304789,0.143590034,0.080150628
48,26,0.181054379,0.855117006,0.765550891
49,1,0.578719635,0.683829275,0.585009746
49,2,0.436251347,0.488819203,0.293244017
49,3,0.154141972,0.898960711,0.941494644
49,4,0.482164746,0.118650279,0.738402938
49,5,0.16396425,0.829014715,0.598140199
49,6,0.714871181,0.22838866,0.175098777
49,7,0.767082559,0.712447366,0.552123363
49,8,0.997939283,0.068969035,0.494791189
49,9,0.011049605,0.811239862,0.223184563
49,10,0.843326709,0.090764459,0.557854275
49,11,0.491036049,0.527273125,0.933622226
49,12,0.14676909,0.975561577,0.038247902
49,13,0.294590746,0.28847247,0.242739984
49,14,0.279777392,0.70230421,0.717743019
49,15,0.67947684,0.695641,0.842330882
49,16,0.016445228,0.761564618,0.922312567
49,17,0.020196405,0.048824901,0.296598532
49,18,0.094477388,0.550193879,0.86836974
49,19,0.255114959,0.886002171,0.786781956
49,20,0.373642566,0.394933876,0.631383565
49,21,0.825354619,0.320278,0.842186879
49,22,0.568242581,0.047039869,0.721302236
49,23,0.464611512,0.55914832,0.753862253
49,24,0.637611915,0.270949232,0.742859537
49,25,0.045226582,0.501970819,0.192218625
49,26,0.122003821,0.893234589,0.396084492
50,1,0.055568937,0.627965631,0.628992039
50,2,0.880220473,0.767922496,0.585050034
50,3,0.368842043,0.982725967,0.417015854
50,4,0.801061887,0.338556221,0.909241649
50,5,0.599947693,0.806718333,0.601892646
50,6,0.309044723,0.151183582,0.864456594
50,7,0.160858095,0.1615334,0.188710704
50,8,0.658062568,0.477720469,0.147269236
50,9,0.737647307,0.474773294,0.659275351
50,10,0.530754838,0.944278842,0.196429754
50,11,0.321656304,0.999850891,0.023985717
50,12,0.876967345,0.698924448,0.863928372
50,13,0.100987109,0.845677348,0.085704231
50,14,0.423817887,0.305014284,0.067157843
50,15,0.959632782,0.814846296,0.468932184
50,16,0.565464579,0.261223469,0.102785321
50,17,0.310154974,0.006281674,0.369774552
50,18,0.894154556,0.010883566,0.629693394
50,19,0.101238697,0.24084482,0.846060231
50,20,0.96744138,0.478591874,0.651367254
50,21,0.699083576,0.702262771,0.231060652
50,22,0.183209625,0.206339214,0.208708476
50,23,0.277332943,0.038606326,0.804434246
50,24,0.793465758,0.726090161,0.1037525
50,25,0.794209794,0.190262832,0.733564099
50,26,0.468982509,0.756719863,0.415301983
51,1,0.534892134,0.192705001,0.647906797
51,2,0.44252273,0.482333207,0.580930368
51,3,0.785027269,0.885565919,0.439669
51,4,0.283713355,0.406402335,0.546598198
51,5,0.971215735,0.011068991,0.850170426
51,6,0.244059793,0.602859328,0.689560244
51,7,0.443226866,0.248888565,0.872477809
51,8,0.545713387,0.162249335,0.507871957
51,9,0.745827953,0.923528426,0.790713829
51,10,0.534403069,0.603085564,0.782521041
51,11,0.282970199,0.003261112,0.021893839
51,12,0.276234812,0.036041447,0.018236582
51,13,0.11915212,0.115199226,0.146962519
51,14,0.239520362,0.574340508,0.856550648
51,15,0.667691563,0.820196561,0.217719869
51,16,0.106141108,0.198923313,0.184876736
51,17,0.335852958,0.413688297,0.727265485
51,18,0.132818718,0.633737565,0.803173182
51,19,0.216315479,0.573566561,0.859238705
51,20,0.179495064,0.173823505,0.747186772
51,21,0.69431799,0.328937479,0.452710778
51,22,0.300744761,0.36870095,0.812877603
51,23,0.793298976,0.28013886,0.671444893
51,24,0.076318425,0.417125458,0.061004718
51,25,0.309656637,0.667664715,0.210296352
51,26,0.57521184,0.211419458,0.326100532
52,1,0.71910908,0.232860157,0.535908082
52,2,0.568766425,0.277407317,0.869868595
52,3,0.907733363,0.588661526,0.896264687
52,4,0.277979428,0.68971186,0.797670844
52,5,0.704827228,0.678774449,0.467401471
52,6,0.818898569,0.673135442,0.250027575
52,7,0.769967657,0.69184197,0.198800158
52,8,0.144750416,0.65017038,0.360499617
52,9,0.545031431,0.043640133,0.282638808
52,10,0.392881029,0.608276947,0.770326554
52,11,0.160342396,0.370590759,0.20534693
52,12,0.849876273,0.794717124,0.656230489
52,13,0.977795364,0.997880213,0.973057306
52,14,0.475604547,0.891003245,0.459850634
52,15,0.005427804,0.836890499,0.844898164
52,16,0.20618413,0.710076371,0.013559172
52,17,0.61411218,0.999995159,0.126423584
52,18,0.851836399,0.872767557,0.174294188
52,19,0.83053202,0.087133189,0.471143614
52,20,0.478470087,0.196232468,0.640951632
52,21,0.755541077,0.066537402,0.939631337
52,22,0.110989955,0.639096794,0.079023482
52,23,0.892132921,0.747055841,0.626494823
52,24,0.160336919,0.168692414,0.263584643
52,25,0.515962932,0.309348842,0.217919542
52,26,0.558015347,0.893801376,0.695969284
53,1,0.182871131,0.260690243,0.510621562
53,2,0.819727042,0.916372414,0.234233026
53,3,0.009622149,0.73583819,0.659461799
53,4,0.095530639,0.638216617,0.190929303
53,5,0.803288653,0.781757789,0.69026839
53,6,0.262875282,0.720501777,0.2012179
53,7,0.239033875,0.012111095,0.785208902
53,8,0.366681421,0.612732376,0.673331093
53,9,0.290743796,0.14400575,0.989129151
53,10,0.676505462,0.415970186,0.36993557
53,11,0.785829754,0.288688022,0.30898425
53,12,0.71563174,0.066202861,0.36733613
53,13,0.933292073,0.555502057,0.119819292
53,14,0.113671127,0.658408893,0.70962689
53,15,0.686553722,0.8021819,0.352563931
53,16,0.137682276,0.318533844,0.012269368
53,17,0.843229607,0.170708877,0.864293075
53,18,0.010895955,0.644463252,0.780367994
53,19,0.098637236,0.28887692,0.006986258
53,20,0.186629985,0.001731528,0.281218007
53,21,0.751648014,0.335190781,0.287592771
53,22,0.44369127,0.705980791,0.008626992
53,23,0.281301609,0.311044656,0.630708373
53,24,0.166694487,0.137698715,0.241443811
53,25,0.550238211,0.261384425,0.690776501
53,26,0.423751351,0.692398799,0.155303505
54,1,0.558121128,0.901173023,0.579793032
54,2,0.486790863,0.247719529,0.650376023
54,3,0.400337444,0.614868788,0.259856147
54,4,0.69093824,0.355171293,0.139247563
54,5,0.661849681,0.098380191,0.799337657
54,6,0.154651518,0.516712657,0.986715521
54,7,0.635249468,0.77836784,0.048433976
54,8,0.919757457,0.161744271,0.243975192
54,9,0.757082183,0.667035639,0.706669561
54,10,0.286243246,0.048444078,0.280919597
54,11,0.904741251,0.49773441,0.926176215
54,12,0.715530486,0.537828817,0.495807493
54,13,0.661709833,0.86412085,0.386783358
54,14,0.980855508,0.841940365,0.167110001
54,15,0.179714596,0.073159961,0.500641366
54,16,0.20552131,0.839830098,0.470078009
54,17,0.162017904,0.177733727,0.427665397
54,18,0.054695118,0.716562218,0.315699201
54,19,0.745868173,0.392941775,0.444381502
54,20,0.691490069,0.422137056,0.993761125
54,21,0.571609714,0.73863116,0.498532759
54,22,0.384843474,0.420650038,0.03485562
54,23,0.664186942,0.322306489,0.705461907
54,24,0.23857296,0.211448332,0.42212725
54,25,0.477856967,0.444602403,0.942186614
54,26,0.978611747,0.837443735,0.611371383
55,1,0.258952798,0.597485804,0.883898736
55,2,0.079106448,0.252059801,0.950575104
55,3,0.689773459,0.052086101,0.569527834
55,4,0.614411176,0.925442576,0.273751495
55,5,0.266979613,0.557905385,0.362419537
55,6,0.699979087,0.611011194,0.917860449
55,7,0.709751519,0.714599509,0.79676421
55,8,0.882246809,0.666980591,0.145187895
55,9,0.837205939,0.295198846,0.775577825
55,10,0.246757887,0.047552868,0.290207632
55,11,0.832587895,0.523450861,0.899265149
55,12,0.519980492,0.400399298,0.488255652
55,13,0.626289944,0.97378784,0.298095185
55,14,0.134445957,0.304896652,0.566389184
55,15,0.952034793,0.290706976,0.976454113
55,16,0.593562918,0.731982887,0.878938958
55,17,0.86429117,0.692207117,0.545482858
55,18,0.813264594,0.334879785,0.472685169
55,19,0.932675533,0.209807087,0.240475116
55,20,0.607380686,0.256188009,0.140129633
55,21,0.58139568,0.582849019,0.541742164
55,22,0.041762186,0.776178661,0.407882604
55,23,0.827819359,0.725102518,0.015810974
55,24,0.331539388,0.08303174,0.443216791
55,25,0.559010983,0.168882338,0.353827844
55,26,0.56574395,0.619616358,0.919373364
56,1,0.242458534,0.609187242,0.207972133
56,2,0.309244296,0.515649458,0.667284577
56,3,0.876132253,0.891575596,0.196739255
56,4,0.353058894,0.77566669,0.384121816
56,5,0.347459758,0.165525463,0.594686324
56,6,0.438440516,0.198747207,0.468791011
56,7,0.13466245,0.977015425,0.861576698
56,8,0.603089508,0.805381763,0.687553752
56,9,0.19967655,0.058904245,0.759027015
56,10,0.409341774,0.5334197,0.810650562
56,11,0.714927109,0.59292804,0.041429581
56,12,0.312950578,0.086931667,0.692504962
56,13,0.44505762,0.803550413,0.002572037
56,14,0.476176548,0.486680531,0.310172806
56,15,0.786605124,0.299675745,0.948621717
56,16,0.7381729,0.543624634,0.113782473
56,17,0.356657339,0.797764187,0.413843444
56,18,0.837629195,0.9068304,0.813469505
56,19,0.349634527,0.590313381,0.12341416
56,20,0.302829204,0.638057648,0.637612331
56,21,0.58214278,0.227533528,0.253886608
56,22,0.430901327,0.907303934,0.454760601
56,23,0.743738351,0.380041181,0.35021206
56,24,0.468237226,0.083652383,0.430444181
56,25,0.188612001,0.766384308,0.569603078
56,26,0.043528073,0.155323347,0.294808032
57,1,0.099829839,0.943065393,0.043191891
57,2,0.018431529,0.685454138,0.197247176
57,3,0.679084854,0.113948736,0.866386401
57,4,0.834387854,0.112084588,0.045062752
57,5,0.968961946,0.871007947,0.138669699
57,6,0.809459854,0.039067526,0.277354022
57,7,0.201836498,0.698807703,0.052164533
57,8,0.695779174,0.640323392,0.536646196
57,9,0.416497735,0.983026336,0.241899068
57,10,0.7064427,0.67681973,0.272780245
57,11,0.513098791,0.600333115,0.608891709
57,12,0.724872021,0.777700796,0.727137994
57,13,0.081236697,0.740056936,0.33226981
57,14,0.025220956,0.728430685,0.342601107
57,15,0.367227886,0.523702628,0.347386946
57,16,0.871847084,0.428834144,0.365495118
57,17,0.809954438,0.689998055,0.235071964
57,18,0.60755316,0.788628967,0.010584624
57,19,0.60680783,0.844176836,0.977494036
57,20,0.29609646,0.167770604,0.688578466
57,21,0.616580797,0.905394139,0.342564298
57,22,0.760231067,0.567708385,0.988822073
57,23,0.038026114,0.359492254,0.300890038
57,24,0.526071998,0.716144196,0.934483754
57,25,0.943628311,0.915501775,0.211200348
57,26,0.672253302,0.865546956,0.803969911
58,1,0.816419301,0.028870877,0.282422568
58,2,0.692243931,0.142117074,0.481880118
58,3,0.838901313,0.349206374,0.770374605
58,4,0.766650259,0.226243977,0.93645453
58,5,0.429327978,0.635036833,0.983231079
58,6,0.999128676,0.110577977,0.53858573
58,7,0.808932804,0.137249061,0.661836635
58,8,0.724119847,0.488195541,0.953417685
58,9,0.744653151,0.05530915,0.232325379
58,10,0.558245362,0.324099173,0.79675749
58,11,0.440314427,0.270302918,0.957304208
58,12,0.01770667,0.505267242,0.41019607
58,13,0.281336569,0.933604201,0.616513991
58,14,0.313164103,0.802946357,0.005953927
58,15,0.046678219,0.127185541,0.999910715
58,16,0.876855479,0.868359269,0.329871989
58,17,0.09331075,0.250703471,0.059617779
58,18,0.646786502,0.339805233,0.172823249
58,19,0.919438563,0.100264517,0.245178259
58,20,0.633356174,0.128833137,0.907936006
58,21,0.450428703,0.107378504,0.151970515
58,22,0.920794415,0.122969215,0.016771947
58,23,0.958604309,0.788504541,0.769763184
58,24,0.958923285,0.252078877,0.224386749
58,25,0.655615986,0.394977078,0.174893991
58,26,0.874914456,0.32927682,0.615188482
59,1,0.806946003,0.469666517,0.565014305
59,2,0.996315635,0.281819926,0.772994144
59,3,0.551357413,0.375939885,0.705756068
59,4,0.475568688,0.596195394,0.461540789
59,5,0.863763085,0.726415197,0.217554616
59,6,0.197294777,0.371108927,0.600899284
59,7,0.274548792,0.38087621,0.962189625
59,8,0.952087436,0.394102163,0.409880198
59,9,0.064518943,0.985581903,0.340994155
59,10,0.329802455,0.015303807,0.696225007
59,11,0.38041409,0.176574361,0.339579874
59,12,0.857619534,0.391662484,0.450306443
59,13,0.339105439,0.982990828,0.490512757
59,14,0.713704003,0.90717371,0.550318578
59,15,0.943912572,0.867274455,0.446388872
59,16,0.338112549,0.100913828,0.099790872
59,17,0.235050204,0.794342281,0.336575575
59,18,0.708624052,0.775849764,0.340796597
59,19,0.252298109,0.056289235,0.496170158
59,20,0.23877702,0.100388741,0.58953401
59,21,0.27373971,0.024155403,0.531246769
59,22,0.941229832,0.89505883,0.590180474
59,23,0.826519253,0.118695778,0.858232885
59,24,0.668375669,0.659399356,0.633334795
59,25,0.545217874,0.693410866,0.149662323
59,26,0.97376008,0.477571848,0.169521591
60,1,0.57145431,0.268100823,0.915215933
60,2,0.113411739,0.350299815,0.701715465
60,3,0.084600532,0.821985242,0.778433018
60,4,0.667850828,0.822041458,0.74049864
60,5,0.325098587,0.517621964,0.61420337
60,6,0.821044709,0.436392045,0.015375888
60,7,0.581715636,0.106925153,0.027730491
60,8,0.33309335,0.870978507,0.50347458
60,9,0.766515229,0.819906098,0.760201704
60,10,0.974540845,0.457509331,0.13066981
60,11,0.984470692,0.907039723,0.923556705
60,12,0.113879213,0.804208472,0.990512125
60,13,0.033132784,0.098935199,0.420917083
60,14,0.396431505,0.542222198,0.128765846
60,15,0.844978403,0.694343283,0.665143691
60,16,0.047289189,0.878535302,0.388997623
60,17,0.158824108,0.398119422,0.795254896
60,18,0.298234183,0.436753762,0.731740373
60,19,0.585216061,0.273609994,0.339812944
60,20,0.438656274,0.638700497,0.666327387
60,21,0.609995301,0.295734873,0.890530622
60,22,0.821634596,0.627557211,0.928425801
60,23,0.609946668,0.167092459,0.662412094
60,24,0.428967391,0.588993842,0.921601714
60,25,0.465811526,0.311652116,0.67375263
60,26,0.895865212,0.376058799,0.377263691
61,1,0.87151847,0.954526406,0.686864889
61,2,0.53366198,0.556780622,0.869225703
61,3,0.262876168,0.401503004,0.91410304
61,4,0.643542636,0.344416043,0.451336131
61,5,0.473847604,0.528658872,0.257122656
61,6,0.25130898,0.160975973,0.303781439
61,7,0.685805225,0.069963761,0.660360013
61,8,0.669710429,0.464790231,0.903155073
61,9,0.132126386,0.599730326,0.157188283
61,10,0.636261984,0.982538194,0.184878413
61,11,0.165591139,0.945303214,0.637206976
61,12,0.897403095,0.515226834,0.068075357
61,13,0.194642036,0.680589509,0.134635973
61,14,0.448722556,0.44288029,0.845345983
61,15,0.774168662,0.150690099,0.22896846
61,16,0.18472363,0.870437574,0.014349952
61,17,0.015569796,0.505662306,0.403892325
61,18,0.994752931,0.770379226,0.880640433
61,19,0.463984535,0.67549138,0.414084628
61,20,0.118331067,0.469153106,0.43422946
61,21,0.214988094,0.765715923,0.472268205
61,22,0.883038805,0.16432021,0.712684006
61,23,0.048336563,0.803265092,0.172063301
61,24,0.557099659,0.955836384,0.301563425
61,25,0.369306945,0.130195965,0.010568763
61,26,0.099388868,0.808740881,0.90904208
62,1,0.506542823,0.407444661,0.328697345
62,2,0.148271653,0.765678375,0.242240403
62,3,0.211800434,0.965961933,0.123456089
62,4,0.110500865,0.304854191,0.348247906
62,5,0.299616539,0.016808769,0.99078555
62,6,0.07578203,0.455007907,0.415552702
62,7,0.631465317,0.883285123,0.587146706
62,8,0.15970025,0.017583543,0.891394828
62,9,0.07491309,0.207075239,0.174084648
62,10,0.076279966,0.137663238,0.553786297
62,11,0.575662094,0.940692974,0.38815747
62,12,0.553895371,0.453465643,0.394351718
62,13,0.996198043,0.436375868,0.416348516
62,14,0.178668151,0.081190916,0.698139717
62,15,0.971512323,0.281873849,0.885118233
62,16,0.10415087,0.518238632,0.538726493
62,17,0.857999221,0.347250104,0.935627336
62,18,0.696377506,0.86674731,0.620702456
62,19,0.392362967,0.145856547,0.854139466
62,20,0.794138349,0.849563475,0.065060061
62,21,0.735788826,0.704632082,0.522633071
62,22,0.42890945,0.7778491,0.87954238
62,23,0.773654329,0.936105664,0.298621566
62,24,0.737027412,0.825986236,0.748422843
62,25,0.90142204,0.646881606,0.957604171
62,26,0.092011156,0.267991534,0.221869429
63,1,0.482450023,0.28243148,0.120681133
63,2,0.37653749,0.678609757,0.986847309
63,3,0.403607598,0.369857721,0.207589882
63,4,0.263302445,0.034064041,0.295453555
63,5,0.319675899,0.091591227,0.432863319
63,6,0.395654581,0.120367156,0.086351609
63,7,0.525221006,0.628657978,0.857308053
63,8,0.775886999,0.372516735,0.462678139
63,9,0.41774316,0.117516311,0.894332183
63,10,0.588451399,0.673788987,0.443524293
63,11,0.250863289,0.086933389,0.033987942
63,12,0.091007595,0.416181652,0.996209413
63,13,0.225202442,0.809738711,0.687398084
63,14,0.464902432,0.131716281,0.181960363
63,15,0.598474335,0.837590814,0.578688258
63,16,0.461806211,0.998296349,0.171673699
63,17,0.597332687,0.714956193,0.417310384
63,18,0.648445912,0.986310748,0.967534011
63,19,0.771868198,0.82211098,0.005001123
63,20,0.236210603,0.556717798,0.487465911
63,21,0.516240357,0.826293703,0.638417893
63,22,0.233748292,0.659630412,0.565994513
63,23,0.882471553,0.565498819,0.129467351
63,24,0.809935794,0.381985512,0.75107214
63,25,0.108536092,0.008462046,0.730104216
63,26,0.776863883,0.880147856,0.392954951
64,1,0.068899287,0.051259563,0.039853194
64,2,0.027323748,0.221370808,0.069863198
64,3,0.805379073,0.031652488,0.758060805
64,4,0.129845811,0.014844412,0.351336702
64,5,0.573486334,0.695133958,0.432412943
64,6,0.962580308,0.368352268,0.665997637
64,7,0.48380823,0.814858583,0.528917381
64,8,0.986493979,0.498243806,0.952208344
64,9,0.4362221,0.65952399,0.928146708
64,10,0.932953772,0.178329556,0.607668063
64,11,0.980597852,0.268036206,0.125810189
64,12,0.079531956,0.585915631,0.78328569
64,13,0.325105989,0.062976476,0.98965205
64,14,0.103340652,0.964892586,0.592808
64,15,0.383696337,0.154699419,0.847972
64,16,0.4353915,0.873077602,0.685655466
64,17,0.591223555,0.358476491,0.827407437
64,18,0.036898341,0.403175972,0.185914059
64,19,0.961710352,0.109739685,0.88369589
64,20,0.950858373,0.779796741,0.129772379
64,21,0.596997292,0.442434802,0.83731353
64,22,0.312266408,0.111296463,0.549890729
64,23,0.972810447,0.214278966,0.140021056
64,24,0.410515809,0.81114211,0.51567086
64,25,0.242941204,0.253998251,0.464497852
64,26,0.459779858,0.09625901,0.058910982
65,1,0.334954397,0.405629073,0.112629224
65,2,0.987426646,0.838769553,0.766558661
65,3,0.06184463,0.110723839,0.352991188
65,4,0.632673949,0.590741808,0.666508862
65,5,0.616797163,0.841452766,0.677191904
65,6,0.25940624,0.268174634,0.803798183
65,7,0.888515386,0.964954918,0.215786335
65,8,0.434255824,0.266950311,0.756027978
65,9,0.137938461,0.429786808,0.201464884
65,10,0.215059075,0.007451831,0.495248157
65,11,0.991120093,0.624146928,0.773117501
65,12,0.921066504,0.251225335,0.215818068
65,13,0.082273164,0.960463846,0.472619681
65,14,0.354496849,0.555549169,0.79607283
65,15,0.999019758,0.176865626,0.212743953
65,16,0.643194244,0.068685734,0.153328762
65,17,0.642771969,0.453151095,0.857998928
65,18,0.848163415,0.964604179,0.359534282
65,19,0.505060231,0.954637204,0.277771997
65,20,0.325120585,0.991406109,0.988450551
65,21,0.520132128,0.856518925,0.058482171
65,22,0.975777706,0.408995315,0.274301608
65,23,0.275494296,0.704975818,0.628050258
65,24,0.367465157,0.72179456,0.884438225
65,25,0.632341686,0.946736307,0.58680682
65,26,0.552660451,0.034675121,0.052975957
66,1,0.157990826,0.596881018,0.92593752
66,2,0.251619078,0.093116489,0.278916131
66,3,0.172744266,0.532249748,0.299390567
66,4,0.116436141,0.596865507,0.025500322
66,5,0.155500592,0.885631527,0.615653591
66,6,0.55249433,0.557942593,0.38572209
66,7,0.19988498,0.827549033,0.085841394
66,8,0.220804131,0.885580796,0.968816517
66,9,0.318919266,0.752865967,0.28537129
66,10,0.209134952,0.743854419,0.837401207
66,11,0.81480689,0.96923347,0.647249934
66,12,0.099766281,0.569957042,0.838504961
66,13,0.618442732,0.728123004,0.219931807
66,14,0.147195545,0.502521469,0.008654628
66,15,0.492476035,0.334811628,0.838943489
66,16,0.04694615,0.753593177,0.472471445
66,17,0.122794104,0.161103212,0.503249713
66,18,0.000155929,0.389738074,0.929792634
66,19,0.584014378,0.580827999,0.202039342
66,20,0.280105888,0.541412575,0.491109989
66,21,0.964117114,0.339565283,0.861751167
66,22,0.521948682,0.099288428,0.305218311
66,23,0.299656436,0.89816605,0.261114831
66,24,0.516003805,0.483635115,0.406468482
66,25,0.09693542,0.502299887,0.231636855
66,26,0.856702241,0.538555228,0.045033495
67,1,0.584771926,0.562504291,0.30130163
67,2,0.828017861,0.260937154,0.160975836
67,3,0.79232518,0.479152498,0.260227192
67,4,0.665444191,0.751338568,0.695997473
67,5,0.107478597,0.823698912,0.772520384
67,6,0.62530945,0.208670938,0.018156737
67,7,0.367082268,0.706505663,0.527642493
67,8,0.137601743,0.012867461,0.518209647
67,9,0.463286149,0.809485238,0.467091598
67,10,0.449389893,0.981941214,0.571351759
67,11,0.057408277,0.212038148,0.903033041
67,12,0.72300317,0.037052213,0.793141505
67,13,0.23093453,0.332221586,0.755374157
67,14,0.496888414,0.691869112,0.421462022
67,15,0.809632793,0.77744821,0.453728401
67,16,0.440015497,0.763178667,0.276453501
67,17,0.165396857,0.929532829,0.338931236
67,18,0.095656561,0.886886779,0.41513743
67,19,0.725442972,0.854130771,0.580287633
67,20,0.871733009,0.17490997,0.141443706
67,21,0.029513644,0.071361683,0.611471091
67,22,0.87877688,0.823014019,0.241301202
67,23,0.752044847,0.36371222,0.349373687
67,24,0.355341066,0.749039051,0.987731873
67,25,0.268605363,0.78088514,0.110063507
67,26,0.698573066,0.441126888,0.730013849
68,1,0.318635504,0.260753033,0.478015758
68,2,0.222430703,0.816000518,0.302620588
68,3,0.417427223,0.29929029,0.105513887
68,4,0.244818221,0.678102566,0.95984829
68,5,0.599810047,0.807156401,0.62673241
68,6,0.414928201,0.958879029,0.152392705
68,7,0.741515173,0.718961828,0.103484861
68,8,0.202342443,0.242370143,0.066884039
68,9,0.389547121,0.737773269,0.470672547
68,10,0.096719213,0.183190538,0.73730784
68,11,0.948771082,0.106212706,0.649913402
68,12,0.317463326,0.861957913,0.209121388
68,13,0.993081243,0.535144205,0.84808501
68,14,0.857098702,0.496371662,0.654661244
68,15,0.417030499,0.422604265,0.800457824
68,16,0.220911606,0.555260892,0.494705605
68,17,0.101952961,0.714601749,0.138327061
68,18,0.114553183,0.64751288,0.27848824
68,19,0.498442541,0.732133113,0.768070816
68,20,0.669475783,0.737704773,0.422648266
68,21,0.378404553,0.090524887,0.637608231
68,22,0.401520022,0.152365022,0.435503914
68,23,0.254231152,0.12668948,0.176236106
68,24,0.020603976,0.888154306,0.36710002
68,25,0.399640302,0.888999045,0.0323644
68,26,0.341429694,0.652053888,0.002360455
69,1,0.937082001,0.073204863,0.680161446
69,2,0.236809647,0.882550421,0.309432717
69,3,0.465723811,0.523587862,0.377345169
69,4,0.087813932,0.348956977,0.115357302
69,5,0.494552168,0.032288549,0.064273027
69,6,0.235904298,0.200278971,0.805882868
69,7,0.954079283,0.9826619,0.340126009
69,8,0.840299532,0.001868676,0.39520574
69,9,0.081288573,0.325557722,0.43008705
69,10,0.129934955,0.328512348,0.837115018
69,11,0.004375393,0.952635434,0.015361971
69,12,0.884077985,0.974340044,0.371530691
69,13,0.779251637,0.271986021,0.464241496
69,14,0.619735427,0.15956242,0.183168794
69,15,0.584938111,0.349749662,0.340943056
69,16,0.576377408,0.790671502,0.735023046
69,17,0.822907235,0.183269971,0.949678806
69,18,0.63481683,0.963306064,0.715054181
69,19,0.489904817,0.614396251,0.07859462
69,20,0.192511604,0.501614639,0.159861221
69,21,0.723585203,0.056524771,0.180797631
69,22,0.955363483,0.299922669,0.901163988
69,23,0.900020745,0.390359655,0.827301474
69,24,0.01345715,0.669387223,0.387288028
69,25,0.362613954,0.696194964,0.564975751
69,26,0.052630645,0.258642529,0.484251037
70,1,0.73184808,0.318897584,0.918889399
70,2,0.086826226,0.468587995,0.917560778
70,3,0.808688723,0.730399524,0.001792695
70,4,0.959195283,0.671912658,0.07569857
70,5,0.495756297,0.893832233,0.044019564
70,6,0.75105408,0.76042052,0.216143727
70,7,0.357126078,0.442304977,0.074802186
70,8,0.491274229,0.047015474,0.885327973
70,9,0.320968872,0.005132208,0.521781919
70,10,0.203410793,0.351359842,0.297702558
70,11,0.483592729,0.646407356,0.915038753
70,12,0.100694656,0.818320613,0.970111094
70,13,0.389176572,0.170076202,0.473363149
70,14,0.217054674,0.964740204,0.411300002
70,15,0.853606413,0.75754175,0.058637085
70,16,0.713913819,0.208742315,0.300105187
70,17,0.398585507,0.92016408,0.070137915
70,18,0.061775883,0.794217718,0.457981918
70,19,0.009485845,0.995175234,0.031366218
70,20,0.565672054,0.791518965,0.544544927
70,21,0.09946084,0.266882929,0.489274139
70,22,0.190901777,0.744942978,0.098528352
70,23,0.205034932,0.559317245,0.991530263
70,24,0.619068001,0.453487852,0.480733282
70,25,0.878108176,0.479715308,0.531940762
70,26,0.321528995,0.52457297,0.674690353
71,1,0.261165605,0.983375408,0.502080645
71,2,0.300873891,0.488362884,0.416956696
71,3,0.836631144,0.308453497,0.591798511
71,4,0.414661526,0.67977977,0.124491477
71,5,0.951975332,0.576403556,0.987472574
71,6,0.020456012,0.911282995,0.976268973
71,7,0.10448449,0.338563527,0.545546453
71,8,0.593160324,0.57053777,0.779503151
71,9,0.2554618,0.179204491,0.484495566
71,10,0.291560015,0.229108656,0.350469172
71,11,0.954816016,0.151004064,0.189228595
71,12,0.616311754,0.908086558,0.541586458
71,13,0.223741751,0.596231904,0.388578252
71,14,0.173422018,0.18772042,0.3033978
71,15,0.57249054,0.495898475,0.466528733
71,16,0.721527798,0.522007026,0.56820156
71,17,0.769900286,0.322861379,0.726209099
71,18,0.771068128,0.013783454,0.162211186
71,19,0.135453877,0.187844554,0.461127163
71,20,0.912458555,0.378010609,0.789039635
71,21,0.768122612,0.789717319,0.863225981
71,22,0.066896795,0.327719686,0.501375706
71,23,0.972253793,0.143940977,0.838654429
71,24,0.851820858,0.802558795,0.460631027
71,25,0.941629606,0.382730048,0.156131143
71,26,0.30265343,0.119771863,0.755057016
72,1,0.734072604,0.421923948,0.306470605
72,2,0.120005884,0.378081753,0.605012664
72,3,0.409341746,0.117845003,0.638362422
72,4,0.040335247,0.132302506,0.476342842
72,5,0.389501395,0.051751042,0.833062012
72,6,0.912684671,0.354582135,0.057940703
72,7,0.186303389,0.103478526,0.090978721
72,8,0.970904988,0.285817466,0.172324347
72,9,0.332351338,0.689396392,0.034045511
72,10,0.960093338,0.672529038,0.479871276
72,11,0.738561778,0.840387668,0.45528856
72,12,0.5299608,0.928087062,0.227282956
72,13,0.020577912,0.280431155,0.260561539
72,14,0.661826028,0.980805,0.293331171
72,15,0.366737134,0.773420017,0.161993158
72,16,0.203586444,0.938262424,0.050750194
72,17,0.377060303,0.03085448,0.155974867
72,18,0.838565291,0.777456485,0.574715226
72,19,0.32978593,0.097793053,0.077523574
72,20,0.864949882,0.75437991,0.95191395
72,21,0.391745952,0.840385017,0.45720383
72,22,0.642729945,0.517334808,0.370670935
72,23,0.083940982,0.624744172,0.922644735
72,24,0.879445287,0.876136386,0.350732991
72,25,0.550798664,0.458253714,0.567724411
72,26,0.282955955,0.24389573,0.173826797
73,1,0.358290844,0.330374151,0.300627925
73,2,0.61554507,0.188458342,0.384423082
73,3,0.338908065,0.496382294,0.298933608
73,4,0.486054824,0.055242002,0.293328284
73,5,0.667003145,0.485229915,0.481379435
73,6,0.96778701,0.070270966,0.717662326
73,7,0.015604291,0.645170114,0.494807439
73,8,0.847697842,0.624640898,0.525425147
73,9,0.740825137,0.387883045,0.457153079
73,10,0.75005785,0.474690858,0.970214883
73,11,0.172823402,0.577835542,0.097032195
73,12,0.105798848,0.07544851,0.641002717
73,13,0.749711069,0.222331286,0.220655564
73,14,0.252074939,0.893815561,0.561639457
73,15,0.124302679,0.087918828,0.009479001
73,16,0.503863747,0.085891277,0.354569278
73,17,0.874436056,0.776733243,0.543944134
73,18,0.59051472,0.241165749,0.126371886
73,19,0.095004647,0.973662562,0.722155493
73,20,0.694743255,0.276568828,0.365422065
73,21,0.861483192,0.633278017,0.159756478
73,22,0.214331534,0.516341366,0.89269569
73,23,0.225686579,0.313665729,0.181546042
73,24,0.629567944,0.058944565,0.902469893
73,25,0.535006088,0.08017403,0.561913152
73,26,0.472638064,0.696868454,0.288547533
74,1,0.600600383,0.254370885,0.943078359
74,2,0.629512779,0.646394036,0.897195828
74,3,0.644933135,0.253966643,0.642926515
74,4,0.745638326,0.282367808,0.731494119
74,5,0.534505223,0.462530548,0.701782862
74,6,0.70961524,0.242187162,0.634081812
74,7,0.506676525,0.5225657,0.661807709
74,8,0.240240799,0.820898247,0.032741491
74,9,0.842360687,0.27652745,0.496341536
74,10,0.602817176,0.323442676,0.248425133
74,11,0.168905723,0.135927439,0.068193696
74,12,0.429066898,0.902029498,0.539549576
74,13,0.980852774,0.377139173,0.891175363
74,14,0.189954606,0.60136146,0.969579426
74,15,0.5868516,0.148205337,0.442578957
74,16,0.777170367,0.685670351,0.715453234
74,17,0.489993992,0.676340501,0.711997346
74,18,0.192183848,0.547738934,0.953628138
74,19,0.320851661,0.573157898,0.331251044
74,20,0.951883422,0.869243217,0.057672481
74,21,0.711985572,0.721618218,0.850492503
74,22,0.328551343,0.983664854,0.621529527
74,23,0.649760529,0.469435185,0.639696131
74,24,0.469881247,0.075666031,0.233371889
74,25,0.606753415,0.34746768,0.483998881
74,26,0.011950348,0.030935539,0.950232471
75,1,0.78101552,0.334691679,0.474396309
75,2,0.16970043,0.151121779,0.760670743
75,3,0.811711602,0.074192095,0.719511048
75,4,0.393307789,0.99288955,0.258627329
75,5,0.163497913,0.083286337,0.137596843
75,6,0.283632604,0.283554761,0.427190531
75,7,0.042908631,0.424430106,0.550785413
75,8,0.107603587,0.4439117,0.595564585
75,9,0.064399444,0.198982023,0.982964346
75,10,0.150272096,0.739073026,0.060556521
75,11,0.900950268,0.792368719,0.597924562
75,12,0.639614459,0.624823413,0.878240716
75,13,0.037982878,0.335754137,0.409461465
75,14,0.946687888,0.838715811,0.036098274
75,15,0.890236606,0.895931856,0.677913188
75,16,0.714530834,0.167752466,0.480387136
75,17,0.428378642,0.528399327,0.746397779
75,18,0.278182874,0.172302026,0.23935642
75,19,0.005788119,0.826242852,0.730473489
75,20,0.269164501,0.442531793,0.524223489
75,21,0.486527229,0.422352315,0.369223734
75,22,0.735824828,0.816506234,0.747895509
75,23,0.924322499,0.001093692,0.596817991
75,24,0.421520694,0.586094983,0.086075006
75,25,0.481544085,0.372321104,0.088764019
75,26,0.013165117,0.135075876,0.127858537
76,1,0.005003173,0.624864511,0.447136325
76,2,0.001990876,0.700223663,0.002213278
76,3,0.021155092,0.842297588,0.658364063
76,4,0.503282896,0.837185933,0.206865823
76,5,0.519868134,0.966877882,0.180811694
76,6,0.458008355,0.787766833,0.98071596
76,7,0.535252471,0.667223351,0.480834284
76,8,0.687412952,0.228354785,0.284580215
76,9,0.055484119,0.832324931,0.109997093
76,10,0.625195098,0.972528623,0.084059859
76,11,0.906646135,0.618338496,0.524482026
76,12,0.112592094,0.989636366,0.817175906
76,13,0.301141239,0.345987081,0.795941421
76,14,0.478631515,0.7999666,0.271036677
76,15,0.121968341,0.929024607,0.832866871
76,16,0.894050594,0.575663101,0.808556129
76,17,0.129546705,0.007915989,0.566396025
76,18,0.928505909,0.1892752,0.534617367
76,19,0.960470694,0.020103211,0.896724532
76,20,0.819699406,0.713685404,0.22991494
76,21,0.10018443,0.39482573,0.487757987
76,22,0.862203968,0.007413341,0.174560224
76,23,0.684634159,0.112242392,0.474493786
76,24,0.81027517,0.475964002,0.035530654
76,25,0.243119009,0.370829477,0.506695717
76,26,0.041761116,0.109888329,0.515989545
77,1,0.045836634,0.440463448,0.285875219
77,2,0.27995211,0.805879202,0.442845338
77,3,0.545971258,0.444956873,0.720768495
77,4,0.262292863,0.801637568,0.413109026
77,5,0.770382154,0.037575641,0.956947299
77,6,0.259956327,0.818236625,0.939666898
77,7,0.958505473,0.646135652,0.03802018
77,8,0.076418858,0.271833404,0.758999183
77,9,0.624409625,0.710260988,0.50059122
77,10,0.219378649,0.249250409,0.556711086
77,11,0.716214463,0.270283328,0.380630053
77,12,0.750752779,0.873600178,0.651673296
77,13,0.082335271,0.766837892,0.898476211
77,14,0.69019008,0.196262597,0.349810806
77,15,0.534786785,0.77167375,0.807285801
77,16,0.484230106,0.598757737,0.935549241
77,17,0.225451923,0.313800673,0.366899557
77,18,0.397429281,0.263757394,0.013447899
77,19,0.733083841,0.916254424,0.195990954
77,20,0.467953021,0.731470366,0.967346851
77,21,0.183360657,0.143323056,0.906044782
77,22,0.713080479,0.554706959,0.53644317
77,23,0.384102785,0.579278065,0.294235787
77,24,0.289554365,0.781981978,0.450343931
77,25,0.853674848,0.725417182,0.639401692
77,26,0.939827762,0.15808522,0.40639828
78,1,0.794345837,0.200489882,0.994852467
78,2,0.721178132,0.132454101,0.163819428
78,3,0.188993102,0.41774958,0.149799046
78,4,0.723656213,0.124957548,0.771576946
78,5,0.997443413,0.421462992,0.988679218
78,6,0.693385329,0.93712331,0.388252473
78,7,0.82814201,0.18760775,0.811705167
78,8,0.757857426,0.544087248,0.904584409
78,9,0.241237722,0.039454038,0.989273112
78,10,0.993233937,0.20782284,0.201928349
78,11,0.476788182,0.999033784,0.198390627
78,12,0.70922353,0.662554418,0.800181256
78,13,0.608794473,0.079462394,0.875830194
78,14,0.386194259,0.366012861,0.166181577
78,15,0.893022844,0.328910589,0.274478439
78,16,0.999503409,0.444877125,0.085327086
78,17,0.836835337,0.783011595,0.886779122
78,18,0.287351419,0.910506807,0.602125606
78,19,0.985905885,0.213338032,0.001639645
78,20,0.794502647,0.110223019,0.245458233
78,21,0.195766198,0.223820453,0.355646137
78,22,0.688725521,0.468955514,0.612370677
78,23,0.263673983,0.320917542,0.273573346
78,24,0.367954153,0.29806059,0.28717904
78,25,0.654757766,0.733539366,0.805885687
78,26,0.576274837,0.515310463,0.877479644
79,1,0.833052248,0.473675688,0.002765219
79,2,0.070700027,0.728170851,0.941472565
79,3,0.334935582,0.755015265,0.615701764
79,4,0.429286539,0.690791277,0.1593701
79,5,0.797270911,0.794561241,0.474398615
79,6,0.87531346,0.690343834,0.978843286
79,7,0.614719169,0.389834918,0.513535903
79,8,0.793716474,0.179312231,0.178075175
79,9,0.649511261,0.888896468,0.161455567
79,10,0.075959216,0.707276686,0.64135224
79,11,0.917144729,0.773136154,0.991058628
79,12,0.503360952,0.738709389,0.078165571
79,13,0.122596008,0.295094628,0.964177309
79,14,0.096425171,0.738422007,0.004544216
79,15,0.737794087,0.292745009,0.716052954
79,16,0.317186575,0.989985357,0.710894482
79,17,0.510991893,0.707837024,0.789795794
79,18,0.041318758,0.282244558,0.696865695
79,19,0.839403471,0.858685081,0.330109279
79,20,0.013674808,0.161706538,0.965040266
79,21,0.351058048,0.203544395,0.508022422
79,22,0.857627252,0.70423431,0.266747153
79,23,0.875050161,0.302065255,0.46143139
79,24,0.684044422,0.139749823,0.403318546
79,25,0.122037162,0.504738382,0.746562817
79,26,0.753669952,0.424510817,0.097992902
80,1,0.45421669,0.443135492,0.731756832
80,2,0.105591882,0.657868786,0.718903122
80,3,0.055233873,0.314130412,0.813252045
80,4,0.889892954,0.902785275,0.497282013
80,5,0.0544136,0.33922124,0.977874936
80,6,0.277584221,0.313701505,0.997920527
80,7,0.458241856,0.552181884,0.096484828
80,8,0.27587474,0.772917052,0.353572532
80,9,0.191926162,0.049985372,0.390897061
80,10,0.368501715,0.688734647,0.749206214
80,11,0.250229711,0.788572105,0.055205492
80,12,0.158979127,0.048532927,0.982430589
80,13,0.85123767,0.199318585,0.621009774
80,14,0.567903303,0.350317279,0.411601587
80,15,0.911731626,0.606898069,0.656852746
80,16,0.36251468,0.030743754,0.68362084
80,17,0.451426378,0.014878536,0.653005943
80,18,0.378099185,0.32981902,0.586262353
80,19,0.167404778,0.395345141,0.519433812
80,20,0.845250024,0.212057649,0.508613524
80,21,0.901944751,0.462639965,0.759732047
80,22,0.550097962,0.041928479,0.446202796
80,23,0.38791417,0.620757212,0.389147184
80,24,0.500533331,0.211356978,0.952120968
80,25,0.50829623,0.873388906,0.125707725
80,26,0.925042629,0.765129101,0.743095011
81,1,0.953383169,0.882124014,0.337490241
81,2,0.13696731,0.460893729,0.940012126
81,3,0.296213708,0.592192749,0.109606045
81,4,0.064882753,0.997940155,0.657188979
81,5,0.6347698,0.627490133,0.628664658
81,6,0.314229305,0.564124736,0.775579888
81,7,0.522404042,0.351444256,0.547206542
81,8,0.796485497,0.303412916,0.58194936
81,9,0.791403506,0.783791465,0.081701475
81,10,0.641686583,0.601558393,0.297327523
81,11,0.306575327,0.056406379,0.003646722
81,12,0.970183989,0.773373244,0.577913954
81,13,0.058885729,0.069872349,0.210976156
81,14,0.264223219,0.553962666,0.642807319
81,15,0.938937627,0.671357783,0.709035706
81,16,0.284544661,0.551967837,0.755956198
81,17,0.428956258,0.766351582,0.343404679
81,18,0.425295754,0.163994398,0.846726981
81,19,0.301029288,0.13425829,0.318509791
81,20,0.948504482,0.492137453,0.166075726
81,21,0.473482134,0.490667125,0.931973264
81,22,0.425160513,0.379530559,0.917072389
81,23,0.518060141,0.739519361,0.902369603
81,24,0.871999613,0.794535622,0.374906381
81,25,0.252226549,0.000870866,0.366414419
81,26,0.846530769,0.823419688,0.435382517
82,1,0.375360449,0.710341286,0.307168332
82,2,0.615341381,0.200871106,0.991265206
82,3,0.216262528,0.944274647,0.904835901
82,4,0.22583433,0.557309851,0.295523996
82,5,0.327303955,0.413063052,0.259917311
82,6,0.431965383,0.515388918,0.784228508
82,7,0.550898507,0.804635339,0.884790724
82,8,0.618015073,0.399067777,0.486458354
82,9,0.507549238,0.041179294,0.497789833
82,10,0.750227638,0.247745192,0.348021501
82,11,0.517736354,0.813061194,0.369089174
82,12,0.027056495,0.640798497,0.123180325
82,13,0.380113433,0.325174156,0.572317761
82,14,0.982288381,0.915384575,0.517475305
82,15,0.405256168,0.458491651,0.912162193
82,16,0.760349651,0.504998244,0.559359222
82,17,0.119137596,0.650382806,0.224348887
82,18,0.229408513,0.144353201,0.848619726
82,19,0.322165768,0.434051302,0.954596778
82,20,0.554231743,0.525571148,0.756015577
82,21,0.908048365,0.761026359,0.297384251
82,22,0.138687254,0.442693183,0.554142232
82,23,0.295773264,0.139415782,0.487725758
82,24,0.755866466,0.876373302,0.058222771
82,25,0.777754894,0.438614643,0.469189895
82,26,0.459346304,0.590470305,0.376980067
83,1,0.394080322,0.631109131,0.28367676
83,2,0.33107942,0.610649794,0.339797463
83,3,0.91052771,0.896176868,0.775073939
83,4,0.614251927,0.816847002,0.117359704
83,5,0.349791023,0.518776345,0.439939162
83,6,0.633562232,0.321422151,0.565204257
83,7,0.532864584,0.346677979,0.3243657
83,8,0.726167962,0.315579072,0.522077238
83,9,0.139486477,0.662108897,0.442895042
83,10,0.173615385,0.797853219,0.590830647
83,11,0.156791156,0.339603102,0.595251173
83,12,0.499246293,0.777657732,0.271492932
83,13,0.968866536,0.692357984,0.457805116
83,14,0.487562143,0.725912974,0.312139405
83,15,0.39659943,0.070811,0.652834482
83,16,0.705154554,0.353344025,0.5528527
83,17,0.426020651,0.583787159,0.059980243
83,18,0.238462054,0.963649681,0.748782757
83,19,0.149931994,0.693841822,0.948769685
83,20,0.737194692,0.815512759,0.439391348
83,21,0.337162259,0.853647528,0.177223454
83,22,0.38620175,0.239081214,0.743173174
83,23,0.963985009,0.972923553,0.093329574
83,24,0.404942954,0.887260721,0.107930884
83,25,0.921593938,0.280622728,0.410106523
83,26,0.913368633,0.18227665,0.608929356
84,1,0.382682549,0.417981189,0.585106241
84,2,0.272359674,0.432341055,0.270684407
84,3,0.392831819,0.934326874,0.925367498
84,4,0.007473206,0.65211545,0.983915172
84,5,0.721419055,0.495618158,0.80869025
84,6,0.454726184,0.506719136,0.306545198
84,7,0.768859427,0.108511497,0.635026999
84,8,0.71291143,0.274855832,0.084118751
84,9,0.664891695,0.80497469,0.993345388
84,10,0.483898662,0.219673103,0.031881489
84,11,0.927430542,0.857429745,0.075948182
84,12,0.302268172,0.036177994,0.066297303
84,13,0.670014886,0.651174302,0.653841526
84,14,0.670182135,0.630765241,0.015145861
84,15,0.299804095,0.132743438,0.864304134
84,16,0.527418621,0.200502539,0.140097301
84,17,0.665400905,0.6897487,0.163333984
84,18,0.484490357,0.102967836,0.355944273
84,19,0.125100783,0.984782364,0.901982117
84,20,0.037552676,0.952134572,0.026130123
84,21,0.957009855,0.706057884,0.240344436
84,22,0.655992396,0.786339229,0.805903909
84,23,0.456939618,0.27596102,0.386313806
84,24,0.781706577,0.50387289,0.91652221
84,25,0.910873025,0.523253461,0.57437282
84,26,0.287848374,0.786892099,0.976095
85,1,0.931524175,0.063041741,0.21314824
85,2,0.768677902,0.047916407,0.262442
85,3,0.566948147,0.087132767,0.624692388
85,4,0.996530855,0.788436386,0.388170773
85,5,0.86546783,0.721712069,0.068638714
85,6,0.994241266,0.395300923,0.651223353
85,7,0.310416432,0.204499189,0.279232522
85,8,0.29745294,0.87595994,0.874387737
85,9,0.414341051,0.967587333,0.872871433
85,10,0.966414181,0.71635969,0.683317503
85,11,0.028664885,0.677322621,0.655483877
85,12,0.863693457,0.811841893,0.915442374
85,13,0.086306798,0.110112892,0.94554384
85,14,0.494428396,0.469880532,0.183912118
85,15,0.359905835,0.515921014,0.815477232
85,16,0.027257745,0.009597485,0.131937763
85,17,0.605962003,0.924002333,0.49193375
85,18,0.460839589,0.432471011,0.918394341
85,19,0.234228485,0.863249721,0.813611123
85,20,0.25873399,0.562331654,0.59221148
85,21,0.141703493,0.123577436,0.328973426
85,22,0.19228114,0.604201573,0.975606872
85,23,0.085200519,0.276736869,0.398032542
85,24,0.291683736,0.490227974,0.103255363
85,25,0.480290698,0.969628205,0.526959817
85,26,0.067734271,0.040049697,0.687560382
86,1,0.482456749,0.231710192,0.279410931
86,2,0.246640893,0.767151028,0.213638852
86,3,0.451483645,0.38337438,0.282916492
86,4,0.327056981,0.997678591,0.619808572
86,5,0.042675042,0.053301237,0.798633691
86,6,0.698208315,0.607793518,0.158420016
86,7,0.767474349,0.605914462,0.660920029
86,8,0.026161782,0.079722352,0.123994502
86,9,0.025777027,0.210900968,0.213102678
86,10,0.370301429,0.226198959,0.484444446
86,11,0.352761552,0.07230364,0.561350171
86,12,0.845858364,0.297792951,0.884863338
86,13,0.519624097,0.319276093,0.991892322
86,14,0.384304578,0.919425223,0.693135355
86,15,0.416002305,0.1342178,0.81534938
86,16,0.480736027,0.447223568,0.613591582
86,17,0.961480259,0.762437528,0.378135803
86,18,0.445344617,0.357845635,0.764400182
86,19,0.051022134,0.548213033,0.110500019
86,20,0.64851419,0.668863536,0.381562692
86,21,0.757767177,0.722768276,0.127259218
86,22,0.865950808,0.291218543,0.269691491
86,23,0.352418935,0.419652582,0.663857246
86,24,0.159743011,0.572777834,0.897958448
86,25,0.864187404,0.174942631,0.601744902
86,26,0.594162808,0.346008725,0.922704486
87,1,0.581549264,0.097891054,0.724069974
87,2,0.558037377,0.427342282,0.477369099
87,3,0.230529787,0.562691007,0.130496639
87,4,0.081214256,0.359406748,0.980613064
87,5,0.68875214,0.865231326,0.439939578
87,6,0.136349677,0.264608148,0.730634242
87,7,0.243820194,0.025687539,0.170380741
87,8,0.507829579,0.243206331,0.665173531
87,9,0.145973278,0.087189263,0.15929539
87,10,0.475174685,0.70389777,0.596926973
87,11,0.738307003,0.000400512,0.754231717
87,12,0.510754222,0.141849223,0.132333152
87,13,0.463194837,0.402426784,0.034642412
87,14,0.866945285,0.16900987,0.102828007
87,15,0.450017514,0.799689075,0.522766502
87,16,0.796460082,0.866569818,0.830633603
87,17,0.662928385,0.406696767,0.189112337
87,18,0.524775627,0.86875133,0.394280717
87,19,0.897445145,0.421854719,0.965844621
87,20,0.928408982,0.883413927,0.652365749
87,21,0.407630131,0.956377353,0.624634229
87,22,0.221790276,0.415949616,0.62324989
87,23,0.038732869,0.141038747,0.458163333
87,24,0.639832105,0.412482752,0.069303661
87,25,0.806195939,0.175598589,0.114876513
87,26,0.972007185,0.272964353,0.302146066
88,1,0.186936642,0.60250658,0.273014677
88,2,0.485482255,0.935341099,0.530373986
88,3,0.066838608,0.343065487,0.336570977
88,4,0.570788343,0.959849368,0.409874606
88,5,0.603794938,0.158948589,0.642212223
88,6,0.871144608,0.600186615,0.762162655
88,7,0.533054904,0.650002605,0.000982278
88,8,0.314858441,0.964824712,0.856209954
88,9,0.918069085,0.676316884,0.577512582
88,10,0.285433229,0.369978189,0.716802708
88,11,0.594945932,0.170908209,0.5972899
88,12,0.753272072,0.13736083,0.044383133
88,13,0.506733867,0.019946119,0.700758678
88,14,0.185882779,0.291360801,0.195939213
88,15,0.446863317,0.631931422,0.405424173
88,16,0.247335421,0.650363084,0.670398856
88,17,0.436036212,0.855810332,0.506068866
88,18,0.629657073,0.236527384,0.167537167
88,19,0.409943139,0.623630552,0.214538727
88,20,0.365938406,0.54824733,0.9588257
88,21,0.992293229,0.8370767,0.742994645
88,22,0.683247657,0.500000965,0.517379338
88,23,0.669525875,0.002578463,0.232502415
88,24,0.144949335,0.80452397,0.681487036
88,25,0.122621248,0.240665606,0.363152749
88,26,0.507798532,0.428571075,0.3417819
89,1,0.382198455,0.437472177,0.873418235
89,2,0.937698411,0.157305666,0.40691284
89,3,0.669023326,0.501692961,0.50367218
89,4,0.222302554,0.232983968,0.325980972
89,5,0.992371548,0.540297051,0.187448577
89,6,0.303277117,0.547623341,0.673909088
89,7,0.977380422,0.485260832,0.103104508
89,8,0.273445543,0.652442891,0.12784821
89,9,0.082099753,0.424180225,0.853187746
89,10,0.430347695,0.159131761,0.655336777
89,11,0.144115842,0.75471924,0.081301783
89,12,0.203375747,0.850495845,0.349512862
89,13,0.347514544,0.627714887,0.265802884
89,14,0.963642725,0.775000758,0.98906004
89,15,0.047404384,0.006452078,0.467380494
89,16,0.564365706,0.805632893,0.403710899
89,17,0.728704223,0.146211906,0.077645842
89,18,0.198800769,0.548333042,0.357174544
89,19,0.838397959,0.667334869,0.157219324
89,20,0.406730202,0.997022677,0.509814636
89,21,0.650702734,0.468737164,0.253734753
89,22,0.861788331,0.15740547,0.157961035
89,23,0.952143525,0.604271739,0.440880481
89,24,0.194096383,0.532441319,0.077378864
89,25,0.429535496,0.09651031,0.903097902
89,26,0.232431047,0.509345391,0.078116129
90,1,0.464720247,0.150187074,0.153955954
90,2,0.895582171,0.19166086,0.006338408
90,3,0.448262966,0.785905047,0.24204235
90,4,0.210025497,0.74956395,0.366843061
90,5,0.700230979,0.40703743,0.898444204
90,6,0.823310852,0.46403703,0.266136347
90,7,0.202828348,0.944256925,0.02929258
90,8,0.809141112,0.706421728,0.151080756
90,9,0.876623214,0.526501217,0.777830688
90,10,0.874071243,0.565446025,0.422296554
90,11,0.194873463,0.284012406,0.734460112
90,12,0.418376656,0.521304469,0.425662514
90,13,0.594445357,0.13866721,0.10001496
90,14,0.30970691,0.917991895,0.412324805
90,15,0.546949693,0.718432785,0.941633806
90,16,0.103929301,0.967781554,0.241490992
90,17,0.842367335,0.134337179,0.207345904
90,18,0.40594408,0.807831568,0.526102821
90,19,0.127551588,0.006060877,0.909908844
90,20,0.189626331,0.074732976,0.161521905
90,21,0.624543044,0.321110064,0.69821384
90,22,0.486888718,0.527082948,0.628298412
90,23,0.563170524,0.152011138,0.655471786
90,24,0.156334443,0.614922877,0.15373026
90,25,0.729977456,0.183406426,0.66049804
90,26,0.734453097,0.601777563,0.73785066
91,1,0.512492453,0.799020213,0.608134476
91,2,0.912680887,0.782054477,0.748816984
91,3,0.985725328,0.147165364,0.507327537
91,4,0.332581989,0.257796417,0.781169024
91,5,0.994160289,0.049410876,0.795857134
91,6,0.856859065,0.812133246,0.146710029
91,7,0.618001862,0.560729115,0.82595746
91,8,0.442456053,0.926769525,0.936548252
91,9,0.257210899,0.600568288,0.307032385
91,10,0.350736088,0.577446438,0.986711491
91,11,0.860763793,0.56111925,0.295917588
91,12,0.885494548,0.625353694,0.62113904
91,13,0.474678873,0.255498721,0.783144002
91,14,0.857398261,0.681601783,0.479774585
91,15,0.925340313,0.207775665,0.990039757
91,16,0.872120344,0.416655065,0.687207399
91,17,0.620898176,0.649077943,0.669917838
91,18,0.777117157,0.621644341,0.451226753
91,19,0.080946979,0.902103251,0.070478373
91,20,0.695860005,0.540969082,0.833771284
91,21,0.710750679,0.817832191,0.36702865
91,22,0.6044655,0.868978199,0.696775103
91,23,0.227461099,0.578115831,0.880494247
91,24,0.381437171,0.679323189,0.750253866
91,25,0.101740667,0.090167409,0.706570084
91,26,0.984786705,0.199847213,0.331029013
92,1,0.280118402,0.097756572,0.76990975
92,2,0.010500372,0.526854331,0.424657566
92,3,0.650812804,0.089158863,0.439444341
92,4,0.278549962,0.294617534,0.199828989
92,5,0.664383477,0.89208293,0.296725741
92,6,0.713180284,0.998979936,0.886623951
92,7,0.997446421,0.443391785,0.106666073
92,8,0.404812358,0.435090784,0.305051454
92,9,0.714231198,0.80865719,0.245250065
92,10,0.774053383,0.381257794,0.71704742
92,11,0.021688106,0.606439929,0.028934214
92,12,0.452267877,0.601996159,0.534073182
92,13,0.260829445,0.716262622,0.065197455
92,14,0.237656478,0.529795571,0.141526297
92,15,0.760202508,0.997293295,0.92580378
92,16,0.305324444,0.969476192,0.793151603
92,17,0.305466839,0.703494462,0.512620965
92,18,0.796856029,0.465060832,0.560723129
92,19,0.814723763,0.790495244,0.831503374
92,20,0.139193072,0.894343727,0.88923606
92,21,0.332932606,0.236844605,0.694397722
92,22,0.024234398,0.278651787,0.891099923
92,23,0.761136313,0.506119469,0.713219573
92,24,0.782098676,0.874249746,0.544017934
92,25,0.106949901,0.094944639,0.005727646
92,26,0.045705501,0.74578845,0.26892841
93,1,0.378113749,0.063794021,0.344595757
93,2,0.262696138,0.961750561,0.589655423
93,3,0.637749933,0.33100701,0.131699355
93,4,0.6859167,0.43946746,0.70943697
93,5,0.979576165,0.056317102,0.424079675
93,6,0.761533809,0.354746043,0.405012629
93,7,0.993111601,0.552864601,0.814099278
93,8,0.147316201,0.81873463,0.774993229
93,9,0.782233193,0.787690863,0.030669482
93,10,0.561710152,0.383580538,0.185206256
93,11,0.467523063,0.96338706,0.173824434
93,12,0.226957409,0.917947501,0.239759181
93,13,0.249080391,0.684970789,0.717362991
93,14,0.520740262,0.069063622,0.681807295
93,15,0.588094719,0.820296553,0.916058419
93,16,0.309857885,0.654798464,0.04523168
93,17,0.802473834,0.939229955,0.37787408
93,18,0.664620885,0.915740987,0.210281871
93,19,0.056202182,0.126471352,0.448822954
93,20,0.284308202,0.612048531,0.192461956
93,21,0.177158804,0.508898305,0.375328831
93,22,0.841952776,0.572997217,0.261039977
93,23,0.898757312,0.975226712,0.761057056
93,24,0.025515926,0.503259458,0.471948079
93,25,0.230637099,0.258589908,0.518835566
93,26,0.630511078,0.284120411,0.058342331
94,1,0.290046498,0.408983767,0.125395818
94,2,0.122733221,0.823647794,0.128340559
94,3,0.694448983,0.332146304,0.62212865
94,4,0.452985047,0.634877545,0.044263305
94,5,0.695506051,0.982623229,0.909957457
94,6,0.865783968,0.712146084,0.388415855
94,7,0.701614864,0.790755273,0.75962204
94,8,0.155568814,0.95379248,0.592354252
94,9,0.339625519,0.474885948,0.907331522
94,10,0.323048018,0.432192279,0.166172726
94,11,0.89157925,0.239816852,0.827923367
94,12,0.997508142,0.290380809,0.706840182
94,13,0.399320417,0.795154466,0.998600896
94,14,0.342085146,0.553552726,0.610089428
94,15,0.038706897,0.407998317,0.425574519
94,16,0.505365371,0.985005035,0.08917002
94,17,0.539088588,0.191568269,0.415112533
94,18,0.439598252,0.261495773,0.239231481
94,19,0.60769513,0.007629591,0.34819381
94,20,0.778130014,0.11065602,0.988309634
94,21,0.148418132,0.440959848,0.583511159
94,22,0.480282671,0.309036341,0.302453017
94,23,0.796946195,0.981962942,0.07732403
94,24,0.760891913,0.849047337,0.557591633
94,25,0.264931074,0.84200845,0.082254427
94,26,0.673787527,0.901804868,0.348594573
95,1,0.231417847,0.146836636,0.131847741
95,2,0.3943932,0.223474953,0.870057189
95,3,0.817640309,0.570485426,0.617868758
95,4,0.76047654,0.624435356,0.63161478
95,5,0.819411963,0.545146226,0.199255778
95,6,0.112651033,0.627336044,0.403623041
95,7,0.760041855,0.968866913,0.789386149
95,8,0.05968243,0.677299888,0.04765364
95,9,0.09121381,0.269501383,0.464916675
95,10,0.289268044,0.163695385,0.146341363
95,11,0.857553434,0.408795069,0.846468738
95,12,0.688647103,0.567098052,0.150387221
95,13,0.301891649,0.329840726,0.524399645
95,14,0.945986958,0.315260151,0.473723761
95,15,0.503284818,0.07586382,0.130152639
95,16,0.255400931,0.040227182,0.914320266
95,17,0.391005045,0.852229421,0.45921236
95,18,0.486925333,0.874369075,0.94815651
95,19,0.527187057,0.387164265,0.909100867
95,20,0.459596579,0.528686346,0.845779472
95,21,0.742917641,0.186761941,0.021365533
95,22,0.359074165,0.025842669,0.345423062
95,23,0.078732308,0.903940944,0.630201833
95,24,0.077773887,0.649713752,0.027024436
95,25,0.45039891,0.105657774,0.773810863
95,26,0.998062374,0.722745947,0.042411544
96,1,0.642395947,0.62040222,0.582415749
96,2,0.600324236,0.057304601,0.052438272
96,3,0.021406798,0.451560745,0.839708366
96,4,0.116883669,0.884623092,0.187968504
96,5,0.970864037,0.95499601,0.491504382
96,6,0.598090075,0.102718651,0.007787587
96,7,0.29047341,0.980665744,0.826933184
96,8,0.824562963,0.895714639,0.574821956
96,9,0.141442327,0.680156636,0.766644966
96,10,0.23921527,0.68175168,0.077040964
96,11,0.826733286,0.823837526,0.499154499
96,12,0.848493848,0.941220644,0.315966755
96,13,0.541461989,0.652361244,0.508096294
96,14,0.374861185,0.357282618,0.459013239
96,15,0.465471567,0.592818678,0.841737977
96,16,0.022418851,0.25533122,0.16209932
96,17,0.59648226,0.692079188,0.63078243
96,18,0.219888019,0.17783851,0.928535983
96,19,0.665414672,0.293436685,0.415796659
96,20,0.487990265,0.483106239,0.072235811
96,21,0.00349011,0.342504456,0.069576522
96,22,0.838315753,0.058284641,0.931459286
96,23,0.726243363,0.335436836,0.534971754
96,24,0.300114911,0.139192131,0.755055399
96,25,0.357602535,0.336060148,0.053268285
96,26,0.245408501,0.47551395,0.72069765
97,1,0.973632456,0.192771934,0.443785086
97,2,0.819425216,0.838283899,0.988702695
97,3,0.890833441,0.879319375,0.31034909
97,4,0.807778832,0.092933938,0.571606817
97,5,0.438554929,0.276746319,0.918702849
97,6,0.093658709,0.340765856,0.351245873
97,7,0.716980177,0.18263956,0.755309023
97,8,0.664077051,0.279966061,0.18092308
97,9,0.084404573,0.857300211,0.850590491
97,10,0.866256648,0.39429741,0.613956158
97,11,0.233197759,0.019960505,0.360397985
97,12,0.724686292,0.357255955,0.361017179
97,13,0.91365692,0.325197779,0.599061895
97,14,0.836693219,0.87219835,0.666822872
97,15,0.371782696,0.021223537,0.516405839
97,16,0.553805749,0.529599912,0.206384544
97,17,0.095874921,0.000121357,0.989215321
97,18,0.155385179,0.176879036,0.726180647
97,19,0.802046337,0.758055269,0.346119582
97,20,0.852139394,0.611825295,0.580681936
97,21,0.362356847,0.798861922,0.451580052
97,22,0.379383327,0.17845899,0.006000903
97,23,0.826844707,0.828237221,0.061785745
97,24,0.233722433,0.906601585,0.24935605
97,25,0.334461114,0.67842467,0.784779732
97,26,0.218718251,0.861871743,0.850474084
98,1,0.653658907,0.948116345,0.741511746
98,2,0.362027453,0.240763288,0.564510819
98,3,0.779106341,0.729389175,0.074851101
98,4,0.152982754,0.882215246,0.308779018
98,5,0.375418007,0.090489181,0.001154439
98,6,0.418931341,0.048024662,0.330223565
98,7,0.095943403,0.553833449,0.027857418
98,8,0.840500232,0.377701748,0.880873156
98,9,0.106930028,0.90054252,0.911231057
98,10,0.832406107,0.502592257,0.970915199
98,11,0.587383057,0.494996927,0.646535912
98,12,0.839588475,0.721833577,0.982856228
98,13,0.80155063,0.179231853,0.805851656
98,14,0.055844792,0.916030538,0.910502401
98,15,0.245062925,0.01598197,0.041536154
98,16,0.855766524,0.049673201,0.301006899
98,17,0.279880563,0.926287482,0.29053549
98,18,0.034011876,0.15781746,0.374550469
98,19,0.893150834,0.021480777,0.016504635
98,20,0.255530733,0.476491009,0.379068843
98,21,0.167423952,0.618721356,0.877041155
98,22,0.562505855,0.998289817,0.34458933
98,23,0.707737447,0.780752049,0.876810838
98,24,0.081436478,0.334891645,0.996928717
98,25,0.785437489,0.515119454,0.539641717
98,26,0.47384154,0.805747177,0.281598057
99,1,0.592275044,0.628742808,0.874193047
99,2,0.816570432,0.979434776,0.778995487
99,3,0.343203831,0.628532999,0.909649803
99,4,0.63400254,0.55266662,0.307451413
99,5,0.089219947,0.716525333,0.551743403
99,6,0.453933358,0.845735019,0.921393128
99,7,0.171521692,0.349816986,0.317920354
99,8,0.630455748,0.734225805,0.268931873
99,9,0.95065259,0.408606067,0.535047431
99,10,0.543789811,0.10862891,0.541339413
99,11,0.963145499,0.912137836,0.539313677
99,12,0.243232994,0.75935474,0.223962455
99,13,0.076292499,0.94655148,0.49164609
99,14,0.157819999,0.440340311,0.448806714
99,15,0.564396551,0.812557009,0.228647571
99,16,0.388530993,0.263675949,0.9462242
99,17,0.592199127,0.995455189,0.087565186
99,18,0.105614596,0.241547193,0.253024823
99,19,0.687478609,0.977040451,0.820652084
99,20,0.437433423,0.294240848,0.318625376
99,21,0.467017315,0.539071661,0.084199572
99,22,0.772610658,0.636274563,0.103953482
99,23,0.44990279,0.120306223,0.905065916
99,24,0.447359387,0.876284089,0.903564774
99,25,0.486903236,0.273444136,0.681037746
99,26,0.803484832,0.987216571,0.733889432
100,1,0.764703757,0.906291403,0.496019535
100,2,0.906699009,0.763106339,0.920763938
100,3,0.199618778,0.099434519,0.283627064
100,4,0.496014456,0.553174191,0.42025627
100,5,0.01220365,0.793192484,0.58979225
100,6,0.154442323,0.624541291,0.366611303
100,7,0.951256131,0.88217802,0.438931793
100,8,0.955460061,0.686243471,0.615037643
100,9,0.203861275,0.889098048,0.647844223
100,10,0.471158121,0.461392959,0.110303089
100,11,0.166301019,0.621683659,0.156864429
100,12,0.160021382,0.307263429,0.982911402
100,13,0.073792849,0.64930818,0.65544044
100,14,0.200475111,0.228112932,0.583269285
100,15,0.195045111,0.381208401,0.111534144
100,16,0.869620529,0.377715772,0.178095428
100,17,0.794008408,0.568036434,0.288429248
100,18,0.469612537,0.36678609,0.712049538
100,19,0.089701069,0.836935714,0.340721381
100,20,0.212790631,0.266471801,0.597090737
100,21,0.374891094,0.176961746,0.33686638
100,22,0.73848834,0.772694958,0.875560548
100,23,0.474307418,0.397863461,0.931062047
100,24,0.729129654,0.155939217,0.559644741
100,25,0.880112627,0.099739268,0.416225231
100,26,0.602800098,0.621660576,0.279376162
